Code du département;Libellé du département;Code de la commune;Libellé de la commune;Etat saisie;Inscrits;Abstentions;% Abs/Ins;Votants;% Vot/Ins;Blancs;% Blancs/Ins;% Blancs/Vot;Nuls;% Nuls/Ins;% Nuls/Vot;Exprimés;% Exp/Ins;% Exp/Vot;N°Panneau;Sexe;Nom;Prénom;Voix;% Voix/Ins;% Voix/Exp
01;Ain;173;Gex;Complet;6649;1898;28,55;4751;71,45;59;0,89;1,24;14;0,21;0,29;4678;70,36;98,46;1;F;ARTHAUD;Nathalie;25;0,38;0,53;2;M;ROUSSEL;Fabien;59;0,89;1,26;3;M;MACRON;Emmanuel;1552;23,34;33,18;4;M;LASSALLE;Jean;129;1,94;2,76;5;F;LE PEN;Marine;795;11,96;16,99;6;M;ZEMMOUR;Éric;360;5,41;7,70;7;M;MÉLENCHON;Jean-Luc;950;14,29;20,31;8;F;HIDALGO;Anne;70;1,05;1,50;9;M;JADOT;Yannick;348;5,23;7,44;10;F;PÉCRESSE;Valérie;190;2,86;4,06;11;M;POUTOU;Philippe;33;0,50;0,71;12;M;DUPONT-AIGNAN;Nicolas;167;2,51;3,57
01;Ain;331;Saint-Alban;Complet;148;31;20,95;117;79,05;2;1,35;1,71;0;0,00;0,00;115;77,70;98,29;1;F;ARTHAUD;Nathalie;2;1,35;1,74;2;M;ROUSSEL;Fabien;2;1,35;1,74;3;M;MACRON;Emmanuel;28;18,92;24,35;4;M;LASSALLE;Jean;15;10,14;13,04;5;F;LE PEN;Marine;20;13,51;17,39;6;M;ZEMMOUR;Éric;6;4,05;5,22;7;M;MÉLENCHON;Jean-Luc;16;10,81;13,91;8;F;HIDALGO;Anne;4;2,70;3,48;9;M;JADOT;Yannick;8;5,41;6,96;10;F;PÉCRESSE;Valérie;9;6,08;7,83;11;M;POUTOU;Philippe;1;0,68;0,87;12;M;DUPONT-AIGNAN;Nicolas;4;2,70;3,48
02;Aisne;293;Etaves-et-Bocquiaux;Complet;421;62;14,73;359;85,27;8;1,90;2,23;5;1,19;1,39;346;82,19;96,38;1;F;ARTHAUD;Nathalie;0;0,00;0,00;2;M;ROUSSEL;Fabien;17;4,04;4,91;3;M;MACRON;Emmanuel;73;17,34;21,10;4;M;LASSALLE;Jean;12;2,85;3,47;5;F;LE PEN;Marine;139;33,02;40,17;6;M;ZEMMOUR;Éric;23;5,46;6,65;7;M;MÉLENCHON;Jean-Luc;50;11,88;14,45;8;F;HIDALGO;Anne;6;1,43;1,73;9;M;JADOT;Yannick;6;1,43;1,73;10;F;PÉCRESSE;Valérie;10;2,38;2,89;11;M;POUTOU;Philippe;1;0,24;0,29;12;M;DUPONT-AIGNAN;Nicolas;9;2,14;2,60
03;Allier;025;Bessay-sur-Allier;Complet;1030;203;19,71;827;80,29;22;2,14;2,66;4;0,39;0,48;801;77,77;96,86;1;F;ARTHAUD;Nathalie;7;0,68;0,87;2;M;ROUSSEL;Fabien;35;3,40;4,37;3;M;MACRON;Emmanuel;213;20,68;26,59;4;M;LASSALLE;Jean;25;2,43;3,12;5;F;LE PEN;Marine;262;25,44;32,71;6;M;ZEMMOUR;Éric;53;5,15;6,62;7;M;MÉLENCHON;Jean-Luc;112;10,87;13,98;8;F;HIDALGO;Anne;10;0,97;1,25;9;M;JADOT;Yannick;19;1,84;2,37;10;F;PÉCRESSE;Valérie;39;3,79;4,87;11;M;POUTOU;Philippe;4;0,39;0,50;12;M;DUPONT-AIGNAN;Nicolas;22;2,14;2,75
03;Allier;297;Vallon-en-Sully;Complet;1241;307;24,74;934;75,26;29;2,34;3,10;11;0,89;1,18;894;72,04;95,72;1;F;ARTHAUD;Nathalie;4;0,32;0,45;2;M;ROUSSEL;Fabien;38;3,06;4,25;3;M;MACRON;Emmanuel;208;16,76;23,27;4;M;LASSALLE;Jean;39;3,14;4,36;5;F;LE PEN;Marine;276;22,24;30,87;6;M;ZEMMOUR;Éric;59;4,75;6,60;7;M;MÉLENCHON;Jean-Luc;129;10,39;14,43;8;F;HIDALGO;Anne;9;0,73;1,01;9;M;JADOT;Yannick;39;3,14;4,36;10;F;PÉCRESSE;Valérie;59;4,75;6,60;11;M;POUTOU;Philippe;5;0,40;0,56;12;M;DUPONT-AIGNAN;Nicolas;29;2,34;3,24
04;Alpes-de-Haute-Provence;013;Aubignosc;Complet;462;77;16,67;385;83,33;3;0,65;0,78;5;1,08;1,30;377;81,60;97,92;1;F;ARTHAUD;Nathalie;1;0,22;0,27;2;M;ROUSSEL;Fabien;10;2,16;2,65;3;M;MACRON;Emmanuel;84;18,18;22,28;4;M;LASSALLE;Jean;18;3,90;4,77;5;F;LE PEN;Marine;98;21,21;25,99;6;M;ZEMMOUR;Éric;33;7,14;8,75;7;M;MÉLENCHON;Jean-Luc;81;17,53;21,49;8;F;HIDALGO;Anne;7;1,52;1,86;9;M;JADOT;Yannick;15;3,25;3,98;10;F;PÉCRESSE;Valérie;16;3,46;4,24;11;M;POUTOU;Philippe;3;0,65;0,80;12;M;DUPONT-AIGNAN;Nicolas;11;2,38;2,92
05;Hautes-Alpes;146;Saint-Julien-en-Beauchêne;Complet;155;34;21,94;121;78,06;2;1,29;1,65;0;0,00;0,00;119;76,77;98,35;1;F;ARTHAUD;Nathalie;2;1,29;1,68;2;M;ROUSSEL;Fabien;1;0,65;0,84;3;M;MACRON;Emmanuel;29;18,71;24,37;4;M;LASSALLE;Jean;2;1,29;1,68;5;F;LE PEN;Marine;28;18,06;23,53;6;M;ZEMMOUR;Éric;6;3,87;5,04;7;M;MÉLENCHON;Jean-Luc;35;22,58;29,41;8;F;HIDALGO;Anne;2;1,29;1,68;9;M;JADOT;Yannick;8;5,16;6,72;10;F;PÉCRESSE;Valérie;3;1,94;2,52;11;M;POUTOU;Philippe;1;0,65;0,84;12;M;DUPONT-AIGNAN;Nicolas;2;1,29;1,68
05;Hautes-Alpes;177;Vars;Complet;563;114;20,25;449;79,75;12;2,13;2,67;3;0,53;0,67;434;77,09;96,66;1;F;ARTHAUD;Nathalie;1;0,18;0,23;2;M;ROUSSEL;Fabien;8;1,42;1,84;3;M;MACRON;Emmanuel;126;22,38;29,03;4;M;LASSALLE;Jean;19;3,37;4,38;5;F;LE PEN;Marine;116;20,60;26,73;6;M;ZEMMOUR;Éric;46;8,17;10,60;7;M;MÉLENCHON;Jean-Luc;53;9,41;12,21;8;F;HIDALGO;Anne;3;0,53;0,69;9;M;JADOT;Yannick;17;3,02;3,92;10;F;PÉCRESSE;Valérie;29;5,15;6,68;11;M;POUTOU;Philippe;4;0,71;0,92;12;M;DUPONT-AIGNAN;Nicolas;12;2,13;2,76
06;Alpes-Maritimes;088;Nice;Complet;220899;65792;29,78;155107;70,22;1765;0,80;1,14;1345;0,61;0,87;151997;68,81;97,99;1;F;ARTHAUD;Nathalie;458;0,21;0,30;2;M;ROUSSEL;Fabien;2489;1,13;1,64;3;M;MACRON;Emmanuel;38249;17,32;25,16;4;M;LASSALLE;Jean;2832;1,28;1,86;5;F;LE PEN;Marine;34105;15,44;22,44;6;M;ZEMMOUR;Éric;21712;9,83;14,28;7;M;MÉLENCHON;Jean-Luc;32569;14,74;21,43;8;F;HIDALGO;Anne;1625;0,74;1,07;9;M;JADOT;Yannick;6404;2,90;4,21;10;F;PÉCRESSE;Valérie;7774;3,52;5,11;11;M;POUTOU;Philippe;804;0,36;0,53;12;M;DUPONT-AIGNAN;Nicolas;2976;1,35;1,96
06;Alpes-Maritimes;133;Sauze;Complet;109;23;21,10;86;78,90;1;0,92;1,16;0;0,00;0,00;85;77,98;98,84;1;F;ARTHAUD;Nathalie;0;0,00;0,00;2;M;ROUSSEL;Fabien;2;1,83;2,35;3;M;MACRON;Emmanuel;19;17,43;22,35;4;M;LASSALLE;Jean;6;5,50;7,06;5;F;LE PEN;Marine;23;21,10;27,06;6;M;ZEMMOUR;Éric;5;4,59;5,88;7;M;MÉLENCHON;Jean-Luc;22;20,18;25,88;8;F;HIDALGO;Anne;0;0,00;0,00;9;M;JADOT;Yannick;1;0,92;1,18;10;F;PÉCRESSE;Valérie;5;4,59;5,88;11;M;POUTOU;Philippe;0;0,00;0,00;12;M;DUPONT-AIGNAN;Nicolas;2;1,83;2,35
07;Ardèche;054;Chanéac;Complet;233;41;17,60;192;82,40;0;0,00;0,00;5;2,15;2,60;187;80,26;97,40;1;F;ARTHAUD;Nathalie;2;0,86;1,07;2;M;ROUSSEL;Fabien;4;1,72;2,14;3;M;MACRON;Emmanuel;44;18,88;23,53;4;M;LASSALLE;Jean;20;8,58;10,70;5;F;LE PEN;Marine;42;18,03;22,46;6;M;ZEMMOUR;Éric;8;3,43;4,28;7;M;MÉLENCHON;Jean-Luc;37;15,88;19,79;8;F;HIDALGO;Anne;6;2,58;3,21;9;M;JADOT;Yannick;6;2,58;3,21;10;F;PÉCRESSE;Valérie;4;1,72;2,14;11;M;POUTOU;Philippe;5;2,15;2,67;12;M;DUPONT-AIGNAN;Nicolas;9;3,86;4,81
08;Ardennes;353;Rancennes;Complet;441;108;24,49;333;75,51;3;0,68;0,90;1;0,23;0,30;329;74,60;98,80;1;F;ARTHAUD;Nathalie;7;1,59;2,13;2;M;ROUSSEL;Fabien;6;1,36;1,82;3;M;MACRON;Emmanuel;81;18,37;24,62;4;M;LASSALLE;Jean;9;2,04;2,74;5;F;LE PEN;Marine;106;24,04;32,22;6;M;ZEMMOUR;Éric;18;4,08;5,47;7;M;MÉLENCHON;Jean-Luc;74;16,78;22,49;8;F;HIDALGO;Anne;5;1,13;1,52;9;M;JADOT;Yannick;6;1,36;1,82;10;F;PÉCRESSE;Valérie;9;2,04;2,74;11;M;POUTOU;Philippe;3;0,68;0,91;12;M;DUPONT-AIGNAN;Nicolas;5;1,13;1,52
08;Ardennes;419;Signy-l'Abbaye;Complet;934;233;24,95;701;75,05;20;2,14;2,85;8;0,86;1,14;673;72,06;96,01;1;F;ARTHAUD;Nathalie;6;0,64;0,89;2;M;ROUSSEL;Fabien;10;1,07;1,49;3;M;MACRON;Emmanuel;172;18,42;25,56;4;M;LASSALLE;Jean;26;2,78;3,86;5;F;LE PEN;Marine;257;27,52;38,19;6;M;ZEMMOUR;Éric;37;3,96;5,50;7;M;MÉLENCHON;Jean-Luc;104;11,13;15,45;8;F;HIDALGO;Anne;3;0,32;0,45;9;M;JADOT;Yannick;20;2,14;2,97;10;F;PÉCRESSE;Valérie;21;2,25;3,12;11;M;POUTOU;Philippe;3;0,32;0,45;12;M;DUPONT-AIGNAN;Nicolas;14;1,50;2,08
09;Ariège;030;Auzat;Complet;525;90;17,14;435;82,86;2;0,38;0,46;7;1,33;1,61;426;81,14;97,93;1;F;ARTHAUD;Nathalie;2;0,38;0,47;2;M;ROUSSEL;Fabien;29;5,52;6,81;3;M;MACRON;Emmanuel;70;13,33;16,43;4;M;LASSALLE;Jean;41;7,81;9,62;5;F;LE PEN;Marine;86;16,38;20,19;6;M;ZEMMOUR;Éric;24;4,57;5,63;7;M;MÉLENCHON;Jean-Luc;125;23,81;29,34;8;F;HIDALGO;Anne;28;5,33;6,57;9;M;JADOT;Yannick;9;1,71;2,11;10;F;PÉCRESSE;Valérie;3;0,57;0,70;11;M;POUTOU;Philippe;8;1,52;1,88;12;M;DUPONT-AIGNAN;Nicolas;1;0,19;0,23
10;Aube;350;Saint-Mards-en-Othe;Complet;500;133;26,60;367;73,40;8;1,60;2,18;2;0,40;0,54;357;71,40;97,28;1;F;ARTHAUD;Nathalie;2;0,40;0,56;2;M;ROUSSEL;Fabien;11;2,20;3,08;3;M;MACRON;Emmanuel;70;14,00;19,61;4;M;LASSALLE;Jean;6;1,20;1,68;5;F;LE PEN;Marine;152;30,40;42,58;6;M;ZEMMOUR;Éric;20;4,00;5,60;7;M;MÉLENCHON;Jean-Luc;52;10,40;14,57;8;F;HIDALGO;Anne;2;0,40;0,56;9;M;JADOT;Yannick;17;3,40;4,76;10;F;PÉCRESSE;Valérie;15;3,00;4,20;11;M;POUTOU;Philippe;2;0,40;0,56;12;M;DUPONT-AIGNAN;Nicolas;8;1,60;2,24
11;Aude;014;Armissan;Complet;1172;154;13,14;1018;86,86;20;1,71;1,96;5;0,43;0,49;993;84,73;97,54;1;F;ARTHAUD;Nathalie;4;0,34;0,40;2;M;ROUSSEL;Fabien;19;1,62;1,91;3;M;MACRON;Emmanuel;218;18,60;21,95;4;M;LASSALLE;Jean;55;4,69;5,54;5;F;LE PEN;Marine;281;23,98;28,30;6;M;ZEMMOUR;Éric;97;8,28;9,77;7;M;MÉLENCHON;Jean-Luc;195;16,64;19,64;8;F;HIDALGO;Anne;21;1,79;2,11;9;M;JADOT;Yannick;43;3,67;4,33;10;F;PÉCRESSE;Valérie;43;3,67;4,33;11;M;POUTOU;Philippe;7;0,60;0,70;12;M;DUPONT-AIGNAN;Nicolas;10;0,85;1,01
11;Aude;129;Espéraza;Complet;1348;370;27,45;978;72,55;8;0,59;0,82;4;0,30;0,41;966;71,66;98,77;1;F;ARTHAUD;Nathalie;5;0,37;0,52;2;M;ROUSSEL;Fabien;27;2,00;2,80;3;M;MACRON;Emmanuel;150;11,13;15,53;4;M;LASSALLE;Jean;81;6,01;8,39;5;F;LE PEN;Marine;269;19,96;27,85;6;M;ZEMMOUR;Éric;68;5,04;7,04;7;M;MÉLENCHON;Jean-Luc;265;19,66;27,43;8;F;HIDALGO;Anne;16;1,19;1,66;9;M;JADOT;Yannick;20;1,48;2,07;10;F;PÉCRESSE;Valérie;27;2,00;2,80;11;M;POUTOU;Philippe;7;0,52;0,72;12;M;DUPONT-AIGNAN;Nicolas;31;2,30;3,21
11;Aude;175;Issel;Complet;377;67;17,77;310;82,23;5;1,33;1,61;3;0,80;0,97;302;80,11;97,42;1;F;ARTHAUD;Nathalie;1;0,27;0,33;2;M;ROUSSEL;Fabien;11;2,92;3,64;3;M;MACRON;Emmanuel;78;20,69;25,83;4;M;LASSALLE;Jean;17;4,51;5,63;5;F;LE PEN;Marine;81;21,49;26,82;6;M;ZEMMOUR;Éric;42;11,14;13,91;7;M;MÉLENCHON;Jean-Luc;44;11,67;14,57;8;F;HIDALGO;Anne;4;1,06;1,32;9;M;JADOT;Yannick;7;1,86;2,32;10;F;PÉCRESSE;Valérie;11;2,92;3,64;11;M;POUTOU;Philippe;3;0,80;0,99;12;M;DUPONT-AIGNAN;Nicolas;3;0,80;0,99
12;Aveyron;168;Nant;Complet;856;148;17,29;708;82,71;12;1,40;1,69;5;0,58;0,71;691;80,72;97,60;1;F;ARTHAUD;Nathalie;6;0,70;0,87;2;M;ROUSSEL;Fabien;17;1,99;2,46;3;M;MACRON;Emmanuel;181;21,14;26,19;4;M;LASSALLE;Jean;58;6,78;8,39;5;F;LE PEN;Marine;120;14,02;17,37;6;M;ZEMMOUR;Éric;59;6,89;8,54;7;M;MÉLENCHON;Jean-Luc;148;17,29;21,42;8;F;HIDALGO;Anne;19;2,22;2,75;9;M;JADOT;Yannick;36;4,21;5,21;10;F;PÉCRESSE;Valérie;29;3,39;4,20;11;M;POUTOU;Philippe;8;0,93;1,16;12;M;DUPONT-AIGNAN;Nicolas;10;1,17;1,45
12;Aveyron;197;Réquista;Complet;1647;344;20,89;1303;79,11;11;0,67;0,84;17;1,03;1,30;1275;77,41;97,85;1;F;ARTHAUD;Nathalie;3;0,18;0,24;2;M;ROUSSEL;Fabien;19;1,15;1,49;3;M;MACRON;Emmanuel;280;17,00;21,96;4;M;LASSALLE;Jean;133;8,08;10,43;5;F;LE PEN;Marine;354;21,49;27,76;6;M;ZEMMOUR;Éric;96;5,83;7,53;7;M;MÉLENCHON;Jean-Luc;202;12,26;15,84;8;F;HIDALGO;Anne;27;1,64;2,12;9;M;JADOT;Yannick;31;1,88;2,43;10;F;PÉCRESSE;Valérie;103;6,25;8,08;11;M;POUTOU;Philippe;5;0,30;0,39;12;M;DUPONT-AIGNAN;Nicolas;22;1,34;1,73
13;Bouches-du-Rhône;001;Aix-en-Provence;Complet;94443;23877;25,28;70566;74,72;861;0,91;1,22;319;0,34;0,45;69386;73,47;98,33;1;F;ARTHAUD;Nathalie;197;0,21;0,28;2;M;ROUSSEL;Fabien;1160;1,23;1,67;3;M;MACRON;Emmanuel;21447;22,71;30,91;4;M;LASSALLE;Jean;1445;1,53;2,08;5;F;LE PEN;Marine;10654;11,28;15,35;6;M;ZEMMOUR;Éric;7150;7,57;10,30;7;M;MÉLENCHON;Jean-Luc;16244;17,20;23,41;8;F;HIDALGO;Anne;1033;1,09;1,49;9;M;JADOT;Yannick;4476;4,74;6,45;10;F;PÉCRESSE;Valérie;3848;4,07;5,55;11;M;POUTOU;Philippe;356;0,38;0,51;12;M;DUPONT-AIGNAN;Nicolas;1376;1,46;1,98
13;Bouches-du-Rhône;055;Marseille;Complet;520379;166363;31,97;354016;68,03;3953;0,76;1,12;1639;0,31;0,46;348424;66,96;98,42;1;F;ARTHAUD;Nathalie;1095;0,21;0,31;2;M;ROUSSEL;Fabien;7042;1,35;2,02;3;M;MACRON;Emmanuel;78814;15,15;22,62;4;M;LASSALLE;Jean;5687;1,09;1,63;5;F;LE PEN;Marine;72772;13,98;20,89;6;M;ZEMMOUR;Éric;38672;7,43;11,10;7;M;MÉLENCHON;Jean-Luc;108423;20,84;31,12;8;F;HIDALGO;Anne;3847;0,74;1,10;9;M;JADOT;Yannick;14502;2,79;4,16;10;F;PÉCRESSE;Valérie;10521;2,02;3,02;11;M;POUTOU;Philippe;1968;0,38;0,56;12;M;DUPONT-AIGNAN;Nicolas;5081;0,98;1,46
13;Bouches-du-Rhône;078;Port-Saint-Louis-du-Rhône;Complet;6317;1681;26,61;4636;73,39;57;0,90;1,23;49;0,78;1,06;4530;71,71;97,71;1;F;ARTHAUD;Nathalie;18;0,28;0,40;2;M;ROUSSEL;Fabien;403;6,38;8,90;3;M;MACRON;Emmanuel;461;7,30;10,18;4;M;LASSALLE;Jean;146;2,31;3,22;5;F;LE PEN;Marine;1558;24,66;34,39;6;M;ZEMMOUR;Éric;286;4,53;6,31;7;M;MÉLENCHON;Jean-Luc;1385;21,92;30,57;8;F;HIDALGO;Anne;33;0,52;0,73;9;M;JADOT;Yannick;56;0,89;1,24;10;F;PÉCRESSE;Valérie;49;0,78;1,08;11;M;POUTOU;Philippe;44;0,70;0,97;12;M;DUPONT-AIGNAN;Nicolas;91;1,44;2,01
14;Calvados;118;Caen;Complet;58443;13936;23,85;44507;76,15;511;0,87;1,15;223;0,38;0,50;43773;74,90;98,35;1;F;ARTHAUD;Nathalie;220;0,38;0,50;2;M;ROUSSEL;Fabien;893;1,53;2,04;3;M;MACRON;Emmanuel;14122;24,16;32,26;4;M;LASSALLE;Jean;696;1,19;1,59;5;F;LE PEN;Marine;5196;8,89;11,87;6;M;ZEMMOUR;Éric;2322;3,97;5,30;7;M;MÉLENCHON;Jean-Luc;12666;21,67;28,94;8;F;HIDALGO;Anne;1003;1,72;2,29;9;M;JADOT;Yannick;3501;5,99;8,00;10;F;PÉCRESSE;Valérie;2187;3,74;5,00;11;M;POUTOU;Philippe;432;0,74;0,99;12;M;DUPONT-AIGNAN;Nicolas;535;0,92;1,22
14;Calvados;298;Géfosse-Fontenay;Complet;127;22;17,32;105;82,68;2;1,57;1,90;0;0,00;0,00;103;81,10;98,10;1;F;ARTHAUD;Nathalie;0;0,00;0,00;2;M;ROUSSEL;Fabien;1;0,79;0,97;3;M;MACRON;Emmanuel;34;26,77;33,01;4;M;LASSALLE;Jean;5;3,94;4,85;5;F;LE PEN;Marine;31;24,41;30,10;6;M;ZEMMOUR;Éric;9;7,09;8,74;7;M;MÉLENCHON;Jean-Luc;3;2,36;2,91;8;F;HIDALGO;Anne;5;3,94;4,85;9;M;JADOT;Yannick;2;1,57;1,94;10;F;PÉCRESSE;Valérie;11;8,66;10,68;11;M;POUTOU;Philippe;1;0,79;0,97;12;M;DUPONT-AIGNAN;Nicolas;1;0,79;0,97
15;Cantal;119;Massiac;Complet;1380;299;21,67;1081;78,33;21;1,52;1,94;11;0,80;1,02;1049;76,01;97,04;1;F;ARTHAUD;Nathalie;9;0,65;0,86;2;M;ROUSSEL;Fabien;24;1,74;2,29;3;M;MACRON;Emmanuel;309;22,39;29,46;4;M;LASSALLE;Jean;92;6,67;8,77;5;F;LE PEN;Marine;258;18,70;24,59;6;M;ZEMMOUR;Éric;62;4,49;5,91;7;M;MÉLENCHON;Jean-Luc;156;11,30;14,87;8;F;HIDALGO;Anne;14;1,01;1,33;9;M;JADOT;Yannick;40;2,90;3,81;10;F;PÉCRESSE;Valérie;63;4,57;6,01;11;M;POUTOU;Philippe;8;0,58;0,76;12;M;DUPONT-AIGNAN;Nicolas;14;1,01;1,33
16;Charente;082;Boisné-La-Tude;Complet;518;105;20,27;413;79,73;3;0,58;0,73;5;0,97;1,21;405;78,19;98,06;1;F;ARTHAUD;Nathalie;3;0,58;0,74;2;M;ROUSSEL;Fabien;12;2,32;2,96;3;M;MACRON;Emmanuel;98;18,92;24,20;4;M;LASSALLE;Jean;25;4,83;6,17;5;F;LE PEN;Marine;115;22,20;28,40;6;M;ZEMMOUR;Éric;24;4,63;5,93;7;M;MÉLENCHON;Jean-Luc;70;13,51;17,28;8;F;HIDALGO;Anne;7;1,35;1,73;9;M;JADOT;Yannick;12;2,32;2,96;10;F;PÉCRESSE;Valérie;26;5,02;6,42;11;M;POUTOU;Philippe;2;0,39;0,49;12;M;DUPONT-AIGNAN;Nicolas;11;2,12;2,72
16;Charente;097;Cherves-Richemont;Complet;1881;483;25,68;1398;74,32;15;0,80;1,07;15;0,80;1,07;1368;72,73;97,85;1;F;ARTHAUD;Nathalie;10;0,53;0,73;2;M;ROUSSEL;Fabien;41;2,18;3,00;3;M;MACRON;Emmanuel;429;22,81;31,36;4;M;LASSALLE;Jean;66;3,51;4,82;5;F;LE PEN;Marine;389;20,68;28,44;6;M;ZEMMOUR;Éric;98;5,21;7,16;7;M;MÉLENCHON;Jean-Luc;185;9,84;13,52;8;F;HIDALGO;Anne;23;1,22;1,68;9;M;JADOT;Yannick;37;1,97;2,70;10;F;PÉCRESSE;Valérie;59;3,14;4,31;11;M;POUTOU;Philippe;8;0,43;0,58;12;M;DUPONT-AIGNAN;Nicolas;23;1,22;1,68
16;Charente;242;Nanteuil-en-Vallée;Complet;1007;268;26,61;739;73,39;13;1,29;1,76;5;0,50;0,68;721;71,60;97,56;1;F;ARTHAUD;Nathalie;3;0,30;0,42;2;M;ROUSSEL;Fabien;23;2,28;3,19;3;M;MACRON;Emmanuel;176;17,48;24,41;4;M;LASSALLE;Jean;47;4,67;6,52;5;F;LE PEN;Marine;198;19,66;27,46;6;M;ZEMMOUR;Éric;46;4,57;6,38;7;M;MÉLENCHON;Jean-Luc;126;12,51;17,48;8;F;HIDALGO;Anne;13;1,29;1,80;9;M;JADOT;Yannick;30;2,98;4,16;10;F;PÉCRESSE;Valérie;33;3,28;4,58;11;M;POUTOU;Philippe;10;0,99;1,39;12;M;DUPONT-AIGNAN;Nicolas;16;1,59;2,22
17;Charente-Maritime;004;Ile-d'Aix;Complet;229;36;15,72;193;84,28;3;1,31;1,55;0;0,00;0,00;190;82,97;98,45;1;F;ARTHAUD;Nathalie;3;1,31;1,58;2;M;ROUSSEL;Fabien;4;1,75;2,11;3;M;MACRON;Emmanuel;64;27,95;33,68;4;M;LASSALLE;Jean;8;3,49;4,21;5;F;LE PEN;Marine;22;9,61;11,58;6;M;ZEMMOUR;Éric;13;5,68;6,84;7;M;MÉLENCHON;Jean-Luc;47;20,52;24,74;8;F;HIDALGO;Anne;2;0,87;1,05;9;M;JADOT;Yannick;10;4,37;5,26;10;F;PÉCRESSE;Valérie;13;5,68;6,84;11;M;POUTOU;Philippe;3;1,31;1,58;12;M;DUPONT-AIGNAN;Nicolas;1;0,44;0,53
17;Charente-Maritime;130;Coux;Complet;383;71;18,54;312;81,46;5;1,31;1,60;5;1,31;1,60;302;78,85;96,79;1;F;ARTHAUD;Nathalie;3;0,78;0,99;2;M;ROUSSEL;Fabien;8;2,09;2,65;3;M;MACRON;Emmanuel;66;17,23;21,85;4;M;LASSALLE;Jean;19;4,96;6,29;5;F;LE PEN;Marine;113;29,50;37,42;6;M;ZEMMOUR;Éric;11;2,87;3,64;7;M;MÉLENCHON;Jean-Luc;50;13,05;16,56;8;F;HIDALGO;Anne;5;1,31;1,66;9;M;JADOT;Yannick;6;1,57;1,99;10;F;PÉCRESSE;Valérie;13;3,39;4,30;11;M;POUTOU;Philippe;2;0,52;0,66;12;M;DUPONT-AIGNAN;Nicolas;6;1,57;1,99
18;Cher;018;Avord;Complet;1483;374;25,22;1109;74,78;21;1,42;1,89;14;0,94;1,26;1074;72,42;96,84;1;F;ARTHAUD;Nathalie;9;0,61;0,84;2;M;ROUSSEL;Fabien;16;1,08;1,49;3;M;MACRON;Emmanuel;255;17,19;23,74;4;M;LASSALLE;Jean;25;1,69;2,33;5;F;LE PEN;Marine;443;29,87;41,25;6;M;ZEMMOUR;Éric;72;4,86;6,70;7;M;MÉLENCHON;Jean-Luc;131;8,83;12,20;8;F;HIDALGO;Anne;18;1,21;1,68;9;M;JADOT;Yannick;22;1,48;2,05;10;F;PÉCRESSE;Valérie;44;2,97;4,10;11;M;POUTOU;Philippe;7;0,47;0,65;12;M;DUPONT-AIGNAN;Nicolas;32;2,16;2,98
18;Cher;165;Neuvy-sur-Barangeon;Complet;970;234;24,12;736;75,88;12;1,24;1,63;5;0,52;0,68;719;74,12;97,69;1;F;ARTHAUD;Nathalie;10;1,03;1,39;2;M;ROUSSEL;Fabien;20;2,06;2,78;3;M;MACRON;Emmanuel;178;18,35;24,76;4;M;LASSALLE;Jean;21;2,16;2,92;5;F;LE PEN;Marine;278;28,66;38,66;6;M;ZEMMOUR;Éric;44;4,54;6,12;7;M;MÉLENCHON;Jean-Luc;84;8,66;11,68;8;F;HIDALGO;Anne;11;1,13;1,53;9;M;JADOT;Yannick;14;1,44;1,95;10;F;PÉCRESSE;Valérie;34;3,51;4,73;11;M;POUTOU;Philippe;4;0,41;0,56;12;M;DUPONT-AIGNAN;Nicolas;21;2,16;2,92
19;Corrèze;063;Cosnac;Complet;2422;366;15,11;2056;84,89;43;1,78;2,09;28;1,16;1,36;1985;81,96;96,55;1;F;ARTHAUD;Nathalie;13;0,54;0,65;2;M;ROUSSEL;Fabien;66;2,73;3,32;3;M;MACRON;Emmanuel;550;22,71;27,71;4;M;LASSALLE;Jean;130;5,37;6,55;5;F;LE PEN;Marine;480;19,82;24,18;6;M;ZEMMOUR;Éric;126;5,20;6,35;7;M;MÉLENCHON;Jean-Luc;306;12,63;15,42;8;F;HIDALGO;Anne;53;2,19;2,67;9;M;JADOT;Yannick;74;3,06;3,73;10;F;PÉCRESSE;Valérie;138;5,70;6,95;11;M;POUTOU;Philippe;10;0,41;0,50;12;M;DUPONT-AIGNAN;Nicolas;39;1,61;1,96
19;Corrèze;264;Soursac;Complet;471;79;16,77;392;83,23;4;0,85;1,02;4;0,85;1,02;384;81,53;97,96;1;F;ARTHAUD;Nathalie;1;0,21;0,26;2;M;ROUSSEL;Fabien;17;3,61;4,43;3;M;MACRON;Emmanuel;67;14,23;17,45;4;M;LASSALLE;Jean;30;6,37;7,81;5;F;LE PEN;Marine;109;23,14;28,39;6;M;ZEMMOUR;Éric;21;4,46;5,47;7;M;MÉLENCHON;Jean-Luc;50;10,62;13,02;8;F;HIDALGO;Anne;12;2,55;3,13;9;M;JADOT;Yannick;7;1,49;1,82;10;F;PÉCRESSE;Valérie;56;11,89;14,58;11;M;POUTOU;Philippe;8;1,70;2,08;12;M;DUPONT-AIGNAN;Nicolas;6;1,27;1,56
2A;Corse-du-Sud;004;Ajaccio;Complet;36641;14050;38,35;22591;61,65;329;0,90;1,46;280;0,76;1,24;21982;59,99;97,30;1;F;ARTHAUD;Nathalie;70;0,19;0,32;2;M;ROUSSEL;Fabien;558;1,52;2,54;3;M;MACRON;Emmanuel;4174;11,39;18,99;4;M;LASSALLE;Jean;1671;4,56;7,60;5;F;LE PEN;Marine;6719;18,34;30,57;6;M;ZEMMOUR;Éric;2979;8,13;13,55;7;M;MÉLENCHON;Jean-Luc;3284;8,96;14,94;8;F;HIDALGO;Anne;225;0,61;1,02;9;M;JADOT;Yannick;719;1,96;3,27;10;F;PÉCRESSE;Valérie;1003;2,74;4,56;11;M;POUTOU;Philippe;203;0,55;0,92;12;M;DUPONT-AIGNAN;Nicolas;377;1,03;1,72
2A;Corse-du-Sud;215;Pianotolli-Caldarello;Complet;721;243;33,70;478;66,30;1;0,14;0,21;13;1,80;2,72;464;64,36;97,07;1;F;ARTHAUD;Nathalie;1;0,14;0,22;2;M;ROUSSEL;Fabien;11;1,53;2,37;3;M;MACRON;Emmanuel;81;11,23;17,46;4;M;LASSALLE;Jean;31;4,30;6,68;5;F;LE PEN;Marine;174;24,13;37,50;6;M;ZEMMOUR;Éric;56;7,77;12,07;7;M;MÉLENCHON;Jean-Luc;49;6,80;10,56;8;F;HIDALGO;Anne;6;0,83;1,29;9;M;JADOT;Yannick;12;1,66;2,59;10;F;PÉCRESSE;Valérie;27;3,74;5,82;11;M;POUTOU;Philippe;3;0,42;0,65;12;M;DUPONT-AIGNAN;Nicolas;13;1,80;2,80
2B;Haute-Corse;010;Algajola;Complet;308;82;26,62;226;73,38;2;0,65;0,88;2;0,65;0,88;222;72,08;98,23;1;F;ARTHAUD;Nathalie;0;0,00;0,00;2;M;ROUSSEL;Fabien;1;0,32;0,45;3;M;MACRON;Emmanuel;59;19,16;26,58;4;M;LASSALLE;Jean;16;5,19;7,21;5;F;LE PEN;Marine;46;14,94;20,72;6;M;ZEMMOUR;Éric;29;9,42;13,06;7;M;MÉLENCHON;Jean-Luc;18;5,84;8,11;8;F;HIDALGO;Anne;2;0,65;0,90;9;M;JADOT;Yannick;7;2,27;3,15;10;F;PÉCRESSE;Valérie;40;12,99;18,02;11;M;POUTOU;Philippe;1;0,32;0,45;12;M;DUPONT-AIGNAN;Nicolas;3;0,97;1,35
2B;Haute-Corse;148;Lucciana;Complet;3937;1367;34,72;2570;65,28;31;0,79;1,21;0;0,00;0,00;2539;64,49;98,79;1;F;ARTHAUD;Nathalie;5;0,13;0,20;2;M;ROUSSEL;Fabien;38;0,97;1,50;3;M;MACRON;Emmanuel;375;9,53;14,77;4;M;LASSALLE;Jean;246;6,25;9,69;5;F;LE PEN;Marine;975;24,77;38,40;6;M;ZEMMOUR;Éric;341;8,66;13,43;7;M;MÉLENCHON;Jean-Luc;304;7,72;11,97;8;F;HIDALGO;Anne;25;0,64;0,98;9;M;JADOT;Yannick;71;1,80;2,80;10;F;PÉCRESSE;Valérie;94;2,39;3,70;11;M;POUTOU;Philippe;23;0,58;0,91;12;M;DUPONT-AIGNAN;Nicolas;42;1,07;1,65
2B;Haute-Corse;261;Rogliano;Complet;536;222;41,42;314;58,58;4;0,75;1,27;4;0,75;1,27;306;57,09;97,45;1;F;ARTHAUD;Nathalie;0;0,00;0,00;2;M;ROUSSEL;Fabien;9;1,68;2,94;3;M;MACRON;Emmanuel;73;13,62;23,86;4;M;LASSALLE;Jean;37;6,90;12,09;5;F;LE PEN;Marine;65;12,13;21,24;6;M;ZEMMOUR;Éric;34;6,34;11,11;7;M;MÉLENCHON;Jean-Luc;63;11,75;20,59;8;F;HIDALGO;Anne;1;0,19;0,33;9;M;JADOT;Yannick;9;1,68;2,94;10;F;PÉCRESSE;Valérie;13;2,43;4,25;11;M;POUTOU;Philippe;2;0,37;0,65;12;M;DUPONT-AIGNAN;Nicolas;0;0,00;0,00
21;Côte-d'Or;109;Brion-sur-Ource;Complet;196;45;22,96;151;77,04;0;0,00;0,00;1;0,51;0,66;150;76,53;99,34;1;F;ARTHAUD;Nathalie;0;0,00;0,00;2;M;ROUSSEL;Fabien;3;1,53;2,00;3;M;MACRON;Emmanuel;25;12,76;16,67;4;M;LASSALLE;Jean;8;4,08;5,33;5;F;LE PEN;Marine;55;28,06;36,67;6;M;ZEMMOUR;Éric;15;7,65;10,00;7;M;MÉLENCHON;Jean-Luc;32;16,33;21,33;8;F;HIDALGO;Anne;0;0,00;0,00;9;M;JADOT;Yannick;1;0,51;0,67;10;F;PÉCRESSE;Valérie;4;2,04;2,67;11;M;POUTOU;Philippe;2;1,02;1,33;12;M;DUPONT-AIGNAN;Nicolas;5;2,55;3,33
21;Côte-d'Or;231;Dijon;Complet;85774;20076;23,41;65698;76,59;967;1,13;1,47;335;0,39;0,51;64396;75,08;98,02;1;F;ARTHAUD;Nathalie;375;0,44;0,58;2;M;ROUSSEL;Fabien;1236;1,44;1,92;3;M;MACRON;Emmanuel;19325;22,53;30,01;4;M;LASSALLE;Jean;1211;1,41;1,88;5;F;LE PEN;Marine;9733;11,35;15,11;6;M;ZEMMOUR;Éric;4823;5,62;7,49;7;M;MÉLENCHON;Jean-Luc;17434;20,33;27,07;8;F;HIDALGO;Anne;1388;1,62;2,16;9;M;JADOT;Yannick;4120;4,80;6,40;10;F;PÉCRESSE;Valérie;3113;3,63;4,83;11;M;POUTOU;Philippe;545;0,64;0,85;12;M;DUPONT-AIGNAN;Nicolas;1093;1,27;1,70
22;Côtes-d'Armor;049;Créhen;Complet;1355;277;20,44;1078;79,56;20;1,48;1,86;10;0,74;0,93;1048;77,34;97,22;1;F;ARTHAUD;Nathalie;12;0,89;1,15;2;M;ROUSSEL;Fabien;29;2,14;2,77;3;M;MACRON;Emmanuel;360;26,57;34,35;4;M;LASSALLE;Jean;33;2,44;3,15;5;F;LE PEN;Marine;253;18,67;24,14;6;M;ZEMMOUR;Éric;61;4,50;5,82;7;M;MÉLENCHON;Jean-Luc;149;11,00;14,22;8;F;HIDALGO;Anne;24;1,77;2,29;9;M;JADOT;Yannick;37;2,73;3,53;10;F;PÉCRESSE;Valérie;64;4,72;6,11;11;M;POUTOU;Philippe;10;0,74;0,95;12;M;DUPONT-AIGNAN;Nicolas;16;1,18;1,53
22;Côtes-d'Armor;086;Kerfot;Complet;535;100;18,69;435;81,31;2;0,37;0,46;4;0,75;0,92;429;80,19;98,62;1;F;ARTHAUD;Nathalie;3;0,56;0,70;2;M;ROUSSEL;Fabien;4;0,75;0,93;3;M;MACRON;Emmanuel;114;21,31;26,57;4;M;LASSALLE;Jean;18;3,36;4,20;5;F;LE PEN;Marine;134;25,05;31,24;6;M;ZEMMOUR;Éric;21;3,93;4,90;7;M;MÉLENCHON;Jean-Luc;62;11,59;14,45;8;F;HIDALGO;Anne;15;2,80;3,50;9;M;JADOT;Yannick;23;4,30;5,36;10;F;PÉCRESSE;Valérie;24;4,49;5,59;11;M;POUTOU;Philippe;3;0,56;0,70;12;M;DUPONT-AIGNAN;Nicolas;8;1,50;1,86
22;Côtes-d'Armor;288;Saint-Etienne-du-Gué-de-l'Isle;Complet;267;47;17,60;220;82,40;2;0,75;0,91;2;0,75;0,91;216;80,90;98,18;1;F;ARTHAUD;Nathalie;1;0,37;0,46;2;M;ROUSSEL;Fabien;0;0,00;0,00;3;M;MACRON;Emmanuel;72;26,97;33,33;4;M;LASSALLE;Jean;5;1,87;2,31;5;F;LE PEN;Marine;69;25,84;31,94;6;M;ZEMMOUR;Éric;4;1,50;1,85;7;M;MÉLENCHON;Jean-Luc;35;13,11;16,20;8;F;HIDALGO;Anne;2;0,75;0,93;9;M;JADOT;Yannick;2;0,75;0,93;10;F;PÉCRESSE;Valérie;21;7,87;9,72;11;M;POUTOU;Philippe;3;1,12;1,39;12;M;DUPONT-AIGNAN;Nicolas;2;0,75;0,93
23;Creuse;061;Chénérailles;Complet;497;87;17,51;410;82,49;12;2,41;2,93;2;0,40;0,49;396;79,68;96,59;1;F;ARTHAUD;Nathalie;8;1,61;2,02;2;M;ROUSSEL;Fabien;12;2,41;3,03;3;M;MACRON;Emmanuel;102;20,52;25,76;4;M;LASSALLE;Jean;22;4,43;5,56;5;F;LE PEN;Marine;113;22,74;28,54;6;M;ZEMMOUR;Éric;12;2,41;3,03;7;M;MÉLENCHON;Jean-Luc;53;10,66;13,38;8;F;HIDALGO;Anne;10;2,01;2,53;9;M;JADOT;Yannick;7;1,41;1,77;10;F;PÉCRESSE;Valérie;42;8,45;10,61;11;M;POUTOU;Philippe;3;0,60;0,76;12;M;DUPONT-AIGNAN;Nicolas;12;2,41;3,03
24;Dordogne;150;Daglan;Complet;447;60;13,42;387;86,58;1;0,22;0,26;6;1,34;1,55;380;85,01;98,19;1;F;ARTHAUD;Nathalie;0;0,00;0,00;2;M;ROUSSEL;Fabien;17;3,80;4,47;3;M;MACRON;Emmanuel;95;21,25;25,00;4;M;LASSALLE;Jean;24;5,37;6,32;5;F;LE PEN;Marine;73;16,33;19,21;6;M;ZEMMOUR;Éric;12;2,68;3,16;7;M;MÉLENCHON;Jean-Luc;85;19,02;22,37;8;F;HIDALGO;Anne;6;1,34;1,58;9;M;JADOT;Yannick;20;4,47;5,26;10;F;PÉCRESSE;Valérie;31;6,94;8,16;11;M;POUTOU;Philippe;6;1,34;1,58;12;M;DUPONT-AIGNAN;Nicolas;11;2,46;2,89
24;Dordogne;164;Excideuil;Complet;792;182;22,98;610;77,02;13;1,64;2,13;12;1,52;1,97;585;73,86;95,90;1;F;ARTHAUD;Nathalie;9;1,14;1,54;2;M;ROUSSEL;Fabien;18;2,27;3,08;3;M;MACRON;Emmanuel;177;22,35;30,26;4;M;LASSALLE;Jean;29;3,66;4,96;5;F;LE PEN;Marine;126;15,91;21,54;6;M;ZEMMOUR;Éric;24;3,03;4,10;7;M;MÉLENCHON;Jean-Luc;111;14,02;18,97;8;F;HIDALGO;Anne;12;1,52;2,05;9;M;JADOT;Yannick;23;2,90;3,93;10;F;PÉCRESSE;Valérie;35;4,42;5,98;11;M;POUTOU;Philippe;10;1,26;1,71;12;M;DUPONT-AIGNAN;Nicolas;11;1,39;1,88
24;Dordogne;194;Gardonne;Complet;1086;212;19,52;874;80,48;8;0,74;0,92;8;0,74;0,92;858;79,01;98,17;1;F;ARTHAUD;Nathalie;3;0,28;0,35;2;M;ROUSSEL;Fabien;30;2,76;3,50;3;M;MACRON;Emmanuel;175;16,11;20,40;4;M;LASSALLE;Jean;54;4,97;6,29;5;F;LE PEN;Marine;308;28,36;35,90;6;M;ZEMMOUR;Éric;57;5,25;6,64;7;M;MÉLENCHON;Jean-Luc;149;13,72;17,37;8;F;HIDALGO;Anne;13;1,20;1,52;9;M;JADOT;Yannick;21;1,93;2,45;10;F;PÉCRESSE;Valérie;28;2,58;3,26;11;M;POUTOU;Philippe;5;0,46;0,58;12;M;DUPONT-AIGNAN;Nicolas;15;1,38;1,75
25;Doubs;056;Besançon;Complet;66581;17722;26,62;48859;73,38;683;1,03;1,40;274;0,41;0,56;47902;71,95;98,04;1;F;ARTHAUD;Nathalie;361;0,54;0,75;2;M;ROUSSEL;Fabien;1028;1,54;2,15;3;M;MACRON;Emmanuel;13270;19,93;27,70;4;M;LASSALLE;Jean;842;1,26;1,76;5;F;LE PEN;Marine;6565;9,86;13,71;6;M;ZEMMOUR;Éric;2894;4,35;6,04;7;M;MÉLENCHON;Jean-Luc;15476;23,24;32,31;8;F;HIDALGO;Anne;1043;1,57;2,18;9;M;JADOT;Yannick;3063;4,60;6,39;10;F;PÉCRESSE;Valérie;2125;3,19;4,44;11;M;POUTOU;Philippe;421;0,63;0,88;12;M;DUPONT-AIGNAN;Nicolas;814;1,22;1,70
25;Doubs;255;Fournet-Blancheroche;Complet;273;54;19,78;219;80,22;2;0,73;0,91;3;1,10;1,37;214;78,39;97,72;1;F;ARTHAUD;Nathalie;1;0,37;0,47;2;M;ROUSSEL;Fabien;5;1,83;2,34;3;M;MACRON;Emmanuel;64;23,44;29,91;4;M;LASSALLE;Jean;13;4,76;6,07;5;F;LE PEN;Marine;31;11,36;14,49;6;M;ZEMMOUR;Éric;19;6,96;8,88;7;M;MÉLENCHON;Jean-Luc;24;8,79;11,21;8;F;HIDALGO;Anne;2;0,73;0,93;9;M;JADOT;Yannick;14;5,13;6,54;10;F;PÉCRESSE;Valérie;29;10,62;13,55;11;M;POUTOU;Philippe;0;0,00;0,00;12;M;DUPONT-AIGNAN;Nicolas;12;4,40;5,61
25;Doubs;320;Labergement-Sainte-Marie;Complet;860;173;20,12;687;79,88;16;1,86;2,33;6;0,70;0,87;665;77,33;96,80;1;F;ARTHAUD;Nathalie;6;0,70;0,90;2;M;ROUSSEL;Fabien;4;0,47;0,60;3;M;MACRON;Emmanuel;223;25,93;33,53;4;M;LASSALLE;Jean;28;3,26;4,21;5;F;LE PEN;Marine;144;16,74;21,65;6;M;ZEMMOUR;Éric;42;4,88;6,32;7;M;MÉLENCHON;Jean-Luc;92;10,70;13,83;8;F;HIDALGO;Anne;11;1,28;1,65;9;M;JADOT;Yannick;39;4,53;5,86;10;F;PÉCRESSE;Valérie;43;5,00;6,47;11;M;POUTOU;Philippe;2;0,23;0,30;12;M;DUPONT-AIGNAN;Nicolas;31;3,60;4,66
26;Drôme;028;Bathernay;Complet;193;29;15,03;164;84,97;2;1,04;1,22;3;1,55;1,83;159;82,38;96,95;1;F;ARTHAUD;Nathalie;1;0,52;0,63;2;M;ROUSSEL;Fabien;8;4,15;5,03;3;M;MACRON;Emmanuel;28;14,51;17,61;4;M;LASSALLE;Jean;8;4,15;5,03;5;F;LE PEN;Marine;41;21,24;25,79;6;M;ZEMMOUR;Éric;15;7,77;9,43;7;M;MÉLENCHON;Jean-Luc;22;11,40;13,84;8;F;HIDALGO;Anne;0;0,00;0,00;9;M;JADOT;Yannick;18;9,33;11,32;10;F;PÉCRESSE;Valérie;8;4,15;5,03;11;M;POUTOU;Philippe;1;0,52;0,63;12;M;DUPONT-AIGNAN;Nicolas;9;4,66;5,66
26;Drôme;157;La Laupie;Complet;550;64;11,64;486;88,36;2;0,36;0,41;2;0,36;0,41;482;87,64;99,18;1;F;ARTHAUD;Nathalie;3;0,55;0,62;2;M;ROUSSEL;Fabien;11;2,00;2,28;3;M;MACRON;Emmanuel;120;21,82;24,90;4;M;LASSALLE;Jean;24;4,36;4,98;5;F;LE PEN;Marine;154;28,00;31,95;6;M;ZEMMOUR;Éric;29;5,27;6,02;7;M;MÉLENCHON;Jean-Luc;70;12,73;14,52;8;F;HIDALGO;Anne;6;1,09;1,24;9;M;JADOT;Yannick;24;4,36;4,98;10;F;PÉCRESSE;Valérie;17;3,09;3,53;11;M;POUTOU;Philippe;4;0,73;0,83;12;M;DUPONT-AIGNAN;Nicolas;20;3,64;4,15
27;Eure;114;Breuilpont;Complet;977;265;27,12;712;72,88;13;1,33;1,83;1;0,10;0,14;698;71,44;98,03;1;F;ARTHAUD;Nathalie;5;0,51;0,72;2;M;ROUSSEL;Fabien;12;1,23;1,72;3;M;MACRON;Emmanuel;210;21,49;30,09;4;M;LASSALLE;Jean;14;1,43;2,01;5;F;LE PEN;Marine;198;20,27;28,37;6;M;ZEMMOUR;Éric;73;7,47;10,46;7;M;MÉLENCHON;Jean-Luc;99;10,13;14,18;8;F;HIDALGO;Anne;6;0,61;0,86;9;M;JADOT;Yannick;33;3,38;4,73;10;F;PÉCRESSE;Valérie;36;3,68;5,16;11;M;POUTOU;Philippe;4;0,41;0,57;12;M;DUPONT-AIGNAN;Nicolas;8;0,82;1,15
28;Eure-et-Loir;268;Morainville;Complet;21;2;9,52;19;90,48;0;0,00;0,00;0;0,00;0,00;19;90,48;100,00;1;F;ARTHAUD;Nathalie;0;0,00;0,00;2;M;ROUSSEL;Fabien;1;4,76;5,26;3;M;MACRON;Emmanuel;3;14,29;15,79;4;M;LASSALLE;Jean;1;4,76;5,26;5;F;LE PEN;Marine;2;9,52;10,53;6;M;ZEMMOUR;Éric;1;4,76;5,26;7;M;MÉLENCHON;Jean-Luc;3;14,29;15,79;8;F;HIDALGO;Anne;0;0,00;0,00;9;M;JADOT;Yannick;5;23,81;26,32;10;F;PÉCRESSE;Valérie;2;9,52;10,53;11;M;POUTOU;Philippe;0;0,00;0,00;12;M;DUPONT-AIGNAN;Nicolas;1;4,76;5,26
28;Eure-et-Loir;354;Saint-Maurice-Saint-Germain;Complet;296;68;22,97;228;77,03;3;1,01;1,32;1;0,34;0,44;224;75,68;98,25;1;F;ARTHAUD;Nathalie;0;0,00;0,00;2;M;ROUSSEL;Fabien;6;2,03;2,68;3;M;MACRON;Emmanuel;48;16,22;21,43;4;M;LASSALLE;Jean;8;2,70;3,57;5;F;LE PEN;Marine;83;28,04;37,05;6;M;ZEMMOUR;Éric;10;3,38;4,46;7;M;MÉLENCHON;Jean-Luc;31;10,47;13,84;8;F;HIDALGO;Anne;2;0,68;0,89;9;M;JADOT;Yannick;19;6,42;8,48;10;F;PÉCRESSE;Valérie;11;3,72;4,91;11;M;POUTOU;Philippe;4;1,35;1,79;12;M;DUPONT-AIGNAN;Nicolas;2;0,68;0,89
29;Finistère;019;Brest;Complet;86237;24427;28,33;61810;71,67;1354;1,57;2,19;0;0,00;0,00;60456;70,10;97,81;1;F;ARTHAUD;Nathalie;299;0,35;0,49;2;M;ROUSSEL;Fabien;1577;1,83;2,61;3;M;MACRON;Emmanuel;17389;20,16;28,76;4;M;LASSALLE;Jean;1155;1,34;1,91;5;F;LE PEN;Marine;9658;11,20;15,98;6;M;ZEMMOUR;Éric;3552;4,12;5,88;7;M;MÉLENCHON;Jean-Luc;17033;19,75;28,17;8;F;HIDALGO;Anne;1673;1,94;2,77;9;M;JADOT;Yannick;4238;4,91;7,01;10;F;PÉCRESSE;Valérie;2543;2,95;4,21;11;M;POUTOU;Philippe;593;0,69;0,98;12;M;DUPONT-AIGNAN;Nicolas;746;0,87;1,23
29;Finistère;186;Plouézoc'h;Complet;1418;225;15,87;1193;84,13;20;1,41;1,68;4;0,28;0,34;1169;82,44;97,99;1;F;ARTHAUD;Nathalie;8;0,56;0,68;2;M;ROUSSEL;Fabien;35;2,47;2,99;3;M;MACRON;Emmanuel;406;28,63;34,73;4;M;LASSALLE;Jean;41;2,89;3,51;5;F;LE PEN;Marine;130;9,17;11,12;6;M;ZEMMOUR;Éric;59;4,16;5,05;7;M;MÉLENCHON;Jean-Luc;305;21,51;26,09;8;F;HIDALGO;Anne;31;2,19;2,65;9;M;JADOT;Yannick;80;5,64;6,84;10;F;PÉCRESSE;Valérie;43;3,03;3,68;11;M;POUTOU;Philippe;14;0,99;1,20;12;M;DUPONT-AIGNAN;Nicolas;17;1,20;1,45
29;Finistère;296;Tréméoc;Complet;1128;202;17,91;926;82,09;21;1,86;2,27;3;0,27;0,32;902;79,96;97,41;1;F;ARTHAUD;Nathalie;4;0,35;0,44;2;M;ROUSSEL;Fabien;25;2,22;2,77;3;M;MACRON;Emmanuel;247;21,90;27,38;4;M;LASSALLE;Jean;35;3,10;3,88;5;F;LE PEN;Marine;157;13,92;17,41;6;M;ZEMMOUR;Éric;34;3,01;3,77;7;M;MÉLENCHON;Jean-Luc;234;20,74;25,94;8;F;HIDALGO;Anne;13;1,15;1,44;9;M;JADOT;Yannick;86;7,62;9,53;10;F;PÉCRESSE;Valérie;32;2,84;3,55;11;M;POUTOU;Philippe;13;1,15;1,44;12;M;DUPONT-AIGNAN;Nicolas;22;1,95;2,44
30;Gard;120;Gagnières;Complet;830;200;24,10;630;75,90;2;0,24;0,32;5;0,60;0,79;623;75,06;98,89;1;F;ARTHAUD;Nathalie;5;0,60;0,80;2;M;ROUSSEL;Fabien;16;1,93;2,57;3;M;MACRON;Emmanuel;113;13,61;18,14;4;M;LASSALLE;Jean;31;3,73;4,98;5;F;LE PEN;Marine;208;25,06;33,39;6;M;ZEMMOUR;Éric;34;4,10;5,46;7;M;MÉLENCHON;Jean-Luc;144;17,35;23,11;8;F;HIDALGO;Anne;8;0,96;1,28;9;M;JADOT;Yannick;19;2,29;3,05;10;F;PÉCRESSE;Valérie;16;1,93;2,57;11;M;POUTOU;Philippe;9;1,08;1,44;12;M;DUPONT-AIGNAN;Nicolas;20;2,41;3,21
30;Gard;189;Nîmes;Complet;90232;27557;30,54;62675;69,46;707;0,78;1,13;329;0,36;0,52;61639;68,31;98,35;1;F;ARTHAUD;Nathalie;241;0,27;0,39;2;M;ROUSSEL;Fabien;1781;1,97;2,89;3;M;MACRON;Emmanuel;14306;15,85;23,21;4;M;LASSALLE;Jean;1435;1,59;2,33;5;F;LE PEN;Marine;12414;13,76;20,14;6;M;ZEMMOUR;Éric;6078;6,74;9,86;7;M;MÉLENCHON;Jean-Luc;17677;19,59;28,68;8;F;HIDALGO;Anne;1022;1,13;1,66;9;M;JADOT;Yannick;2659;2,95;4,31;10;F;PÉCRESSE;Valérie;2702;2,99;4,38;11;M;POUTOU;Philippe;338;0,37;0,55;12;M;DUPONT-AIGNAN;Nicolas;986;1,09;1,60
31;Haute-Garonne;011;Arbas;Complet;265;41;15,47;224;84,53;3;1,13;1,34;1;0,38;0,45;220;83,02;98,21;1;F;ARTHAUD;Nathalie;3;1,13;1,36;2;M;ROUSSEL;Fabien;6;2,26;2,73;3;M;MACRON;Emmanuel;41;15,47;18,64;4;M;LASSALLE;Jean;19;7,17;8,64;5;F;LE PEN;Marine;35;13,21;15,91;6;M;ZEMMOUR;Éric;9;3,40;4,09;7;M;MÉLENCHON;Jean-Luc;71;26,79;32,27;8;F;HIDALGO;Anne;8;3,02;3,64;9;M;JADOT;Yannick;15;5,66;6,82;10;F;PÉCRESSE;Valérie;4;1,51;1,82;11;M;POUTOU;Philippe;4;1,51;1,82;12;M;DUPONT-AIGNAN;Nicolas;5;1,89;2,27
31;Haute-Garonne;555;Toulouse;Complet;258771;58564;22,63;200207;77,37;2373;0,92;1,19;2398;0,93;1,20;195436;75,52;97,62;1;F;ARTHAUD;Nathalie;638;0,25;0,33;2;M;ROUSSEL;Fabien;4054;1,57;2,07;3;M;MACRON;Emmanuel;51633;19,95;26,42;4;M;LASSALLE;Jean;5245;2,03;2,68;5;F;LE PEN;Marine;18653;7,21;9,54;6;M;ZEMMOUR;Éric;12513;4,84;6,40;7;M;MÉLENCHON;Jean-Luc;72169;27,89;36,93;8;F;HIDALGO;Anne;5007;1,93;2,56;9;M;JADOT;Yannick;14343;5,54;7,34;10;F;PÉCRESSE;Valérie;7447;2,88;3,81;11;M;POUTOU;Philippe;1391;0,54;0,71;12;M;DUPONT-AIGNAN;Nicolas;2343;0,91;1,20
32;Gers;127;Estang;Complet;540;85;15,74;455;84,26;10;1,85;2,20;3;0,56;0,66;442;81,85;97,14;1;F;ARTHAUD;Nathalie;1;0,19;0,23;2;M;ROUSSEL;Fabien;10;1,85;2,26;3;M;MACRON;Emmanuel;101;18,70;22,85;4;M;LASSALLE;Jean;62;11,48;14,03;5;F;LE PEN;Marine;89;16,48;20,14;6;M;ZEMMOUR;Éric;34;6,30;7,69;7;M;MÉLENCHON;Jean-Luc;93;17,22;21,04;8;F;HIDALGO;Anne;8;1,48;1,81;9;M;JADOT;Yannick;12;2,22;2,71;10;F;PÉCRESSE;Valérie;14;2,59;3,17;11;M;POUTOU;Philippe;4;0,74;0,90;12;M;DUPONT-AIGNAN;Nicolas;14;2,59;3,17
32;Gers;242;Masseube;Complet;1007;238;23,63;769;76,37;10;0,99;1,30;6;0,60;0,78;753;74,78;97,92;1;F;ARTHAUD;Nathalie;5;0,50;0,66;2;M;ROUSSEL;Fabien;24;2,38;3,19;3;M;MACRON;Emmanuel;158;15,69;20,98;4;M;LASSALLE;Jean;81;8,04;10,76;5;F;LE PEN;Marine;188;18,67;24,97;6;M;ZEMMOUR;Éric;61;6,06;8,10;7;M;MÉLENCHON;Jean-Luc;133;13,21;17,66;8;F;HIDALGO;Anne;29;2,88;3,85;9;M;JADOT;Yannick;19;1,89;2,52;10;F;PÉCRESSE;Valérie;34;3,38;4,52;11;M;POUTOU;Philippe;3;0,30;0,40;12;M;DUPONT-AIGNAN;Nicolas;18;1,79;2,39
33;Gironde;009;Arcachon;Complet;10961;2596;23,68;8365;76,32;80;0,73;0,96;47;0,43;0,56;8238;75,16;98,48;1;F;ARTHAUD;Nathalie;16;0,15;0,19;2;M;ROUSSEL;Fabien;98;0,89;1,19;3;M;MACRON;Emmanuel;3270;29,83;39,69;4;M;LASSALLE;Jean;264;2,41;3,20;5;F;LE PEN;Marine;1278;11,66;15,51;6;M;ZEMMOUR;Éric;1032;9,42;12,53;7;M;MÉLENCHON;Jean-Luc;735;6,71;8,92;8;F;HIDALGO;Anne;103;0,94;1,25;9;M;JADOT;Yannick;312;2,85;3,79;10;F;PÉCRESSE;Valérie;949;8,66;11,52;11;M;POUTOU;Philippe;36;0,33;0,44;12;M;DUPONT-AIGNAN;Nicolas;145;1,32;1,76
33;Gironde;046;Bernos-Beaulac;Complet;924;170;18,40;754;81,60;14;1,52;1,86;2;0,22;0,27;738;79,87;97,88;1;F;ARTHAUD;Nathalie;7;0,76;0,95;2;M;ROUSSEL;Fabien;24;2,60;3,25;3;M;MACRON;Emmanuel;167;18,07;22,63;4;M;LASSALLE;Jean;54;5,84;7,32;5;F;LE PEN;Marine;241;26,08;32,66;6;M;ZEMMOUR;Éric;26;2,81;3,52;7;M;MÉLENCHON;Jean-Luc;144;15,58;19,51;8;F;HIDALGO;Anne;15;1,62;2,03;9;M;JADOT;Yannick;14;1,52;1,90;10;F;PÉCRESSE;Valérie;24;2,60;3,25;11;M;POUTOU;Philippe;7;0,76;0,95;12;M;DUPONT-AIGNAN;Nicolas;15;1,62;2,03
33;Gironde;063;Bordeaux;Complet;161852;38026;23,49;123826;76,51;1474;0,91;1,19;488;0,30;0,39;121864;75,29;98,42;1;F;ARTHAUD;Nathalie;315;0,19;0,26;2;M;ROUSSEL;Fabien;2037;1,26;1,67;3;M;MACRON;Emmanuel;40832;25,23;33,51;4;M;LASSALLE;Jean;2753;1,70;2,26;5;F;LE PEN;Marine;10385;6,42;8,52;6;M;ZEMMOUR;Éric;8460;5,23;6,94;7;M;MÉLENCHON;Jean-Luc;35412;21,88;29,06;8;F;HIDALGO;Anne;2781;1,72;2,28;9;M;JADOT;Yannick;9955;6,15;8,17;10;F;PÉCRESSE;Valérie;6463;3,99;5,30;11;M;POUTOU;Philippe;1134;0,70;0,93;12;M;DUPONT-AIGNAN;Nicolas;1337;0,83;1,10
33;Gironde;521;Talais;Complet;636;157;24,69;479;75,31;4;0,63;0,84;5;0,79;1,04;470;73,90;98,12;1;F;ARTHAUD;Nathalie;0;0,00;0,00;2;M;ROUSSEL;Fabien;11;1,73;2,34;3;M;MACRON;Emmanuel;97;15,25;20,64;4;M;LASSALLE;Jean;32;5,03;6,81;5;F;LE PEN;Marine;186;29,25;39,57;6;M;ZEMMOUR;Éric;39;6,13;8,30;7;M;MÉLENCHON;Jean-Luc;64;10,06;13,62;8;F;HIDALGO;Anne;3;0,47;0,64;9;M;JADOT;Yannick;7;1,10;1,49;10;F;PÉCRESSE;Valérie;17;2,67;3,62;11;M;POUTOU;Philippe;6;0,94;1,28;12;M;DUPONT-AIGNAN;Nicolas;8;1,26;1,70
34;Hérault;028;Bédarieux;Complet;4420;1251;28,30;3169;71,70;27;0,61;0,85;21;0,48;0,66;3121;70,61;98,49;1;F;ARTHAUD;Nathalie;24;0,54;0,77;2;M;ROUSSEL;Fabien;146;3,30;4,68;3;M;MACRON;Emmanuel;502;11,36;16,08;4;M;LASSALLE;Jean;134;3,03;4,29;5;F;LE PEN;Marine;892;20,18;28,58;6;M;ZEMMOUR;Éric;226;5,11;7,24;7;M;MÉLENCHON;Jean-Luc;851;19,25;27,27;8;F;HIDALGO;Anne;70;1,58;2,24;9;M;JADOT;Yannick;109;2,47;3,49;10;F;PÉCRESSE;Valérie;83;1,88;2,66;11;M;POUTOU;Philippe;22;0,50;0,70;12;M;DUPONT-AIGNAN;Nicolas;62;1,40;1,99
34;Hérault;172;Montpellier;Complet;162676;44817;27,55;117859;72,45;1384;0,85;1,17;582;0,36;0,49;115893;71,24;98,33;1;F;ARTHAUD;Nathalie;407;0,25;0,35;2;M;ROUSSEL;Fabien;2047;1,26;1,77;3;M;MACRON;Emmanuel;26018;15,99;22,45;4;M;LASSALLE;Jean;2205;1,36;1,90;5;F;LE PEN;Marine;14402;8,85;12,43;6;M;ZEMMOUR;Éric;7731;4,75;6,67;7;M;MÉLENCHON;Jean-Luc;47207;29,02;40,73;8;F;HIDALGO;Anne;2671;1,64;2,30;9;M;JADOT;Yannick;7157;4,40;6,18;10;F;PÉCRESSE;Valérie;3676;2,26;3,17;11;M;POUTOU;Philippe;853;0,52;0,74;12;M;DUPONT-AIGNAN;Nicolas;1519;0,93;1,31
35;Ille-et-Vilaine;191;Les Portes du Coglais;Complet;1687;302;17,90;1385;82,10;25;1,48;1,81;18;1,07;1,30;1342;79,55;96,90;1;F;ARTHAUD;Nathalie;12;0,71;0,89;2;M;ROUSSEL;Fabien;28;1,66;2,09;3;M;MACRON;Emmanuel;438;25,96;32,64;4;M;LASSALLE;Jean;56;3,32;4,17;5;F;LE PEN;Marine;391;23,18;29,14;6;M;ZEMMOUR;Éric;50;2,96;3,73;7;M;MÉLENCHON;Jean-Luc;197;11,68;14,68;8;F;HIDALGO;Anne;19;1,13;1,42;9;M;JADOT;Yannick;50;2,96;3,73;10;F;PÉCRESSE;Valérie;58;3,44;4,32;11;M;POUTOU;Philippe;7;0,41;0,52;12;M;DUPONT-AIGNAN;Nicolas;36;2,13;2,68
35;Ille-et-Vilaine;238;Rennes;Complet;123698;30005;24,26;93693;75,74;1101;0,89;1,18;406;0,33;0,43;92186;74,53;98,39;1;F;ARTHAUD;Nathalie;419;0,34;0,45;2;M;ROUSSEL;Fabien;1959;1,58;2,13;3;M;MACRON;Emmanuel;27165;21,96;29,47;4;M;LASSALLE;Jean;1182;0,96;1,28;5;F;LE PEN;Marine;6722;5,43;7,29;6;M;ZEMMOUR;Éric;4126;3,34;4,48;7;M;MÉLENCHON;Jean-Luc;33469;27,06;36,31;8;F;HIDALGO;Anne;2775;2,24;3,01;9;M;JADOT;Yannick;9182;7,42;9,96;10;F;PÉCRESSE;Valérie;3483;2,82;3,78;11;M;POUTOU;Philippe;830;0,67;0,90;12;M;DUPONT-AIGNAN;Nicolas;874;0,71;0,95
36;Indre;035;Chaillac;Complet;812;244;30,05;568;69,95;8;0,99;1,41;4;0,49;0,70;556;68,47;97,89;1;F;ARTHAUD;Nathalie;9;1,11;1,62;2;M;ROUSSEL;Fabien;17;2,09;3,06;3;M;MACRON;Emmanuel;131;16,13;23,56;4;M;LASSALLE;Jean;28;3,45;5,04;5;F;LE PEN;Marine;166;20,44;29,86;6;M;ZEMMOUR;Éric;28;3,45;5,04;7;M;MÉLENCHON;Jean-Luc;76;9,36;13,67;8;F;HIDALGO;Anne;16;1,97;2,88;9;M;JADOT;Yannick;8;0,99;1,44;10;F;PÉCRESSE;Valérie;44;5,42;7,91;11;M;POUTOU;Philippe;5;0,62;0,90;12;M;DUPONT-AIGNAN;Nicolas;28;3,45;5,04
36;Indre;112;Mâron;Complet;587;112;19,08;475;80,92;10;1,70;2,11;3;0,51;0,63;462;78,71;97,26;1;F;ARTHAUD;Nathalie;3;0,51;0,65;2;M;ROUSSEL;Fabien;12;2,04;2,60;3;M;MACRON;Emmanuel;104;17,72;22,51;4;M;LASSALLE;Jean;17;2,90;3,68;5;F;LE PEN;Marine;163;27,77;35,28;6;M;ZEMMOUR;Éric;31;5,28;6,71;7;M;MÉLENCHON;Jean-Luc;77;13,12;16,67;8;F;HIDALGO;Anne;7;1,19;1,52;9;M;JADOT;Yannick;9;1,53;1,95;10;F;PÉCRESSE;Valérie;23;3,92;4,98;11;M;POUTOU;Philippe;7;1,19;1,52;12;M;DUPONT-AIGNAN;Nicolas;9;1,53;1,95
37;Indre-et-Loire;061;Charnizay;Complet;401;81;20,20;320;79,80;7;1,75;2,19;1;0,25;0,31;312;77,81;97,50;1;F;ARTHAUD;Nathalie;2;0,50;0,64;2;M;ROUSSEL;Fabien;5;1,25;1,60;3;M;MACRON;Emmanuel;87;21,70;27,88;4;M;LASSALLE;Jean;24;5,99;7,69;5;F;LE PEN;Marine;104;25,94;33,33;6;M;ZEMMOUR;Éric;13;3,24;4,17;7;M;MÉLENCHON;Jean-Luc;34;8,48;10,90;8;F;HIDALGO;Anne;7;1,75;2,24;9;M;JADOT;Yannick;8;2,00;2,56;10;F;PÉCRESSE;Valérie;13;3,24;4,17;11;M;POUTOU;Philippe;4;1,00;1,28;12;M;DUPONT-AIGNAN;Nicolas;11;2,74;3,53
37;Indre-et-Loire;261;Tours;Complet;82336;23963;29,10;58373;70,90;751;0,91;1,29;279;0,34;0,48;57343;69,65;98,24;1;F;ARTHAUD;Nathalie;299;0,36;0,52;2;M;ROUSSEL;Fabien;1197;1,45;2,09;3;M;MACRON;Emmanuel;17268;20,97;30,11;4;M;LASSALLE;Jean;1004;1,22;1,75;5;F;LE PEN;Marine;7579;9,20;13,22;6;M;ZEMMOUR;Éric;3803;4,62;6,63;7;M;MÉLENCHON;Jean-Luc;17149;20,83;29,91;8;F;HIDALGO;Anne;1190;1,45;2,08;9;M;JADOT;Yannick;3607;4,38;6,29;10;F;PÉCRESSE;Valérie;2856;3,47;4,98;11;M;POUTOU;Philippe;507;0,62;0,88;12;M;DUPONT-AIGNAN;Nicolas;884;1,07;1,54
38;Isère;022;Les Avenières Veyrins-Thuellin;Complet;5920;1586;26,79;4334;73,21;75;1,27;1,73;23;0,39;0,53;4236;71,55;97,74;1;F;ARTHAUD;Nathalie;36;0,61;0,85;2;M;ROUSSEL;Fabien;65;1,10;1,53;3;M;MACRON;Emmanuel;1008;17,03;23,80;4;M;LASSALLE;Jean;144;2,43;3,40;5;F;LE PEN;Marine;1493;25,22;35,25;6;M;ZEMMOUR;Éric;374;6,32;8,83;7;M;MÉLENCHON;Jean-Luc;582;9,83;13,74;8;F;HIDALGO;Anne;53;0,90;1,25;9;M;JADOT;Yannick;140;2,36;3,31;10;F;PÉCRESSE;Valérie;201;3,40;4,75;11;M;POUTOU;Philippe;28;0,47;0,66;12;M;DUPONT-AIGNAN;Nicolas;112;1,89;2,64
38;Isère;185;Grenoble;Complet;86589;22576;26,07;64013;73,93;705;0,81;1,10;218;0,25;0,34;63090;72,86;98,56;1;F;ARTHAUD;Nathalie;256;0,30;0,41;2;M;ROUSSEL;Fabien;1300;1,50;2,06;3;M;MACRON;Emmanuel;15968;18,44;25,31;4;M;LASSALLE;Jean;845;0,98;1,34;5;F;LE PEN;Marine;6444;7,44;10,21;6;M;ZEMMOUR;Éric;3389;3,91;5,37;7;M;MÉLENCHON;Jean-Luc;24568;28,37;38,94;8;F;HIDALGO;Anne;1488;1,72;2,36;9;M;JADOT;Yannick;5644;6,52;8,95;10;F;PÉCRESSE;Valérie;2019;2,33;3,20;11;M;POUTOU;Philippe;508;0,59;0,81;12;M;DUPONT-AIGNAN;Nicolas;661;0,76;1,05
38;Isère;375;Saint-Christophe-en-Oisans;Complet;123;34;27,64;89;72,36;2;1,63;2,25;0;0,00;0,00;87;70,73;97,75;1;F;ARTHAUD;Nathalie;0;0,00;0,00;2;M;ROUSSEL;Fabien;3;2,44;3,45;3;M;MACRON;Emmanuel;33;26,83;37,93;4;M;LASSALLE;Jean;9;7,32;10,34;5;F;LE PEN;Marine;13;10,57;14,94;6;M;ZEMMOUR;Éric;2;1,63;2,30;7;M;MÉLENCHON;Jean-Luc;19;15,45;21,84;8;F;HIDALGO;Anne;3;2,44;3,45;9;M;JADOT;Yannick;2;1,63;2,30;10;F;PÉCRESSE;Valérie;3;2,44;3,45;11;M;POUTOU;Philippe;0;0,00;0,00;12;M;DUPONT-AIGNAN;Nicolas;0;0,00;0,00
39;Jura;021;LA CHAILLEUSE;Complet;496;102;20,56;394;79,44;10;2,02;2,54;2;0,40;0,51;382;77,02;96,95;1;F;ARTHAUD;Nathalie;1;0,20;0,26;2;M;ROUSSEL;Fabien;6;1,21;1,57;3;M;MACRON;Emmanuel;95;19,15;24,87;4;M;LASSALLE;Jean;19;3,83;4,97;5;F;LE PEN;Marine;95;19,15;24,87;6;M;ZEMMOUR;Éric;15;3,02;3,93;7;M;MÉLENCHON;Jean-Luc;84;16,94;21,99;8;F;HIDALGO;Anne;4;0,81;1,05;9;M;JADOT;Yannick;10;2,02;2,62;10;F;PÉCRESSE;Valérie;23;4,64;6,02;11;M;POUTOU;Philippe;3;0,60;0,79;12;M;DUPONT-AIGNAN;Nicolas;27;5,44;7,07
40;Landes;043;Bias;Complet;579;85;14,68;494;85,32;11;1,90;2,23;5;0,86;1,01;478;82,56;96,76;1;F;ARTHAUD;Nathalie;5;0,86;1,05;2;M;ROUSSEL;Fabien;13;2,25;2,72;3;M;MACRON;Emmanuel;96;16,58;20,08;4;M;LASSALLE;Jean;46;7,94;9,62;5;F;LE PEN;Marine;143;24,70;29,92;6;M;ZEMMOUR;Éric;33;5,70;6,90;7;M;MÉLENCHON;Jean-Luc;81;13,99;16,95;8;F;HIDALGO;Anne;12;2,07;2,51;9;M;JADOT;Yannick;19;3,28;3,97;10;F;PÉCRESSE;Valérie;18;3,11;3,77;11;M;POUTOU;Philippe;6;1,04;1,26;12;M;DUPONT-AIGNAN;Nicolas;6;1,04;1,26
40;Landes;209;Ondres;Complet;4547;816;17,95;3731;82,05;56;1,23;1,50;19;0,42;0,51;3656;80,40;97,99;1;F;ARTHAUD;Nathalie;12;0,26;0,33;2;M;ROUSSEL;Fabien;131;2,88;3,58;3;M;MACRON;Emmanuel;1022;22,48;27,95;4;M;LASSALLE;Jean;297;6,53;8,12;5;F;LE PEN;Marine;716;15,75;19,58;6;M;ZEMMOUR;Éric;266;5,85;7,28;7;M;MÉLENCHON;Jean-Luc;718;15,79;19,64;8;F;HIDALGO;Anne;82;1,80;2,24;9;M;JADOT;Yannick;194;4,27;5,31;10;F;PÉCRESSE;Valérie;105;2,31;2,87;11;M;POUTOU;Philippe;33;0,73;0,90;12;M;DUPONT-AIGNAN;Nicolas;80;1,76;2,19
40;Landes;228;Pomarez;Complet;1181;196;16,60;985;83,40;19;1,61;1,93;9;0,76;0,91;957;81,03;97,16;1;F;ARTHAUD;Nathalie;2;0,17;0,21;2;M;ROUSSEL;Fabien;42;3,56;4,39;3;M;MACRON;Emmanuel;252;21,34;26,33;4;M;LASSALLE;Jean;124;10,50;12,96;5;F;LE PEN;Marine;228;19,31;23,82;6;M;ZEMMOUR;Éric;75;6,35;7,84;7;M;MÉLENCHON;Jean-Luc;122;10,33;12,75;8;F;HIDALGO;Anne;33;2,79;3,45;9;M;JADOT;Yannick;27;2,29;2,82;10;F;PÉCRESSE;Valérie;35;2,96;3,66;11;M;POUTOU;Philippe;7;0,59;0,73;12;M;DUPONT-AIGNAN;Nicolas;10;0,85;1,04
41;Loir-et-Cher;043;Châtillon-sur-Cher;Complet;1154;200;17,33;954;82,67;16;1,39;1,68;5;0,43;0,52;933;80,85;97,80;1;F;ARTHAUD;Nathalie;7;0,61;0,75;2;M;ROUSSEL;Fabien;40;3,47;4,29;3;M;MACRON;Emmanuel;172;14,90;18,44;4;M;LASSALLE;Jean;35;3,03;3,75;5;F;LE PEN;Marine;352;30,50;37,73;6;M;ZEMMOUR;Éric;56;4,85;6,00;7;M;MÉLENCHON;Jean-Luc;146;12,65;15,65;8;F;HIDALGO;Anne;12;1,04;1,29;9;M;JADOT;Yannick;26;2,25;2,79;10;F;PÉCRESSE;Valérie;56;4,85;6,00;11;M;POUTOU;Philippe;11;0,95;1,18;12;M;DUPONT-AIGNAN;Nicolas;20;1,73;2,14
41;Loir-et-Cher;275;La Ville-aux-Clercs;Complet;864;214;24,77;650;75,23;12;1,39;1,85;4;0,46;0,62;634;73,38;97,54;1;F;ARTHAUD;Nathalie;4;0,46;0,63;2;M;ROUSSEL;Fabien;16;1,85;2,52;3;M;MACRON;Emmanuel;180;20,83;28,39;4;M;LASSALLE;Jean;14;1,62;2,21;5;F;LE PEN;Marine;174;20,14;27,44;6;M;ZEMMOUR;Éric;49;5,67;7,73;7;M;MÉLENCHON;Jean-Luc;90;10,42;14,20;8;F;HIDALGO;Anne;13;1,50;2,05;9;M;JADOT;Yannick;39;4,51;6,15;10;F;PÉCRESSE;Valérie;37;4,28;5,84;11;M;POUTOU;Philippe;6;0,69;0,95;12;M;DUPONT-AIGNAN;Nicolas;12;1,39;1,89
42;Loire;162;Ouches;Complet;936;164;17,52;772;82,48;16;1,71;2,07;4;0,43;0,52;752;80,34;97,41;1;F;ARTHAUD;Nathalie;2;0,21;0,27;2;M;ROUSSEL;Fabien;12;1,28;1,60;3;M;MACRON;Emmanuel;188;20,09;25,00;4;M;LASSALLE;Jean;28;2,99;3,72;5;F;LE PEN;Marine;265;28,31;35,24;6;M;ZEMMOUR;Éric;58;6,20;7,71;7;M;MÉLENCHON;Jean-Luc;92;9,83;12,23;8;F;HIDALGO;Anne;6;0,64;0,80;9;M;JADOT;Yannick;24;2,56;3,19;10;F;PÉCRESSE;Valérie;44;4,70;5,85;11;M;POUTOU;Philippe;7;0,75;0,93;12;M;DUPONT-AIGNAN;Nicolas;26;2,78;3,46
42;Loire;218;Saint-Etienne;Complet;88099;24945;28,31;63154;71,69;774;0,88;1,23;318;0,36;0,50;62062;70,45;98,27;1;F;ARTHAUD;Nathalie;358;0,41;0,58;2;M;ROUSSEL;Fabien;1494;1,70;2,41;3;M;MACRON;Emmanuel;15571;17,67;25,09;4;M;LASSALLE;Jean;1120;1,27;1,80;5;F;LE PEN;Marine;10334;11,73;16,65;6;M;ZEMMOUR;Éric;4511;5,12;7,27;7;M;MÉLENCHON;Jean-Luc;20659;23,45;33,29;8;F;HIDALGO;Anne;1151;1,31;1,85;9;M;JADOT;Yannick;3049;3,46;4,91;10;F;PÉCRESSE;Valérie;2553;2,90;4,11;11;M;POUTOU;Philippe;446;0,51;0,72;12;M;DUPONT-AIGNAN;Nicolas;816;0,93;1,31
43;Haute-Loire;159;Raucoules;Complet;740;104;14,05;636;85,95;15;2,03;2,36;2;0,27;0,31;619;83,65;97,33;1;F;ARTHAUD;Nathalie;6;0,81;0,97;2;M;ROUSSEL;Fabien;6;0,81;0,97;3;M;MACRON;Emmanuel;112;15,14;18,09;4;M;LASSALLE;Jean;52;7,03;8,40;5;F;LE PEN;Marine;243;32,84;39,26;6;M;ZEMMOUR;Éric;42;5,68;6,79;7;M;MÉLENCHON;Jean-Luc;86;11,62;13,89;8;F;HIDALGO;Anne;5;0,68;0,81;9;M;JADOT;Yannick;11;1,49;1,78;10;F;PÉCRESSE;Valérie;41;5,54;6,62;11;M;POUTOU;Philippe;2;0,27;0,32;12;M;DUPONT-AIGNAN;Nicolas;13;1,76;2,10
44;Loire-Atlantique;109;Nantes;Complet;196999;48261;24,50;148738;75,50;1796;0,91;1,21;548;0,28;0,37;146394;74,31;98,42;1;F;ARTHAUD;Nathalie;601;0,31;0,41;2;M;ROUSSEL;Fabien;2639;1,34;1,80;3;M;MACRON;Emmanuel;43386;22,02;29,64;4;M;LASSALLE;Jean;2112;1,07;1,44;5;F;LE PEN;Marine;11900;6,04;8,13;6;M;ZEMMOUR;Éric;9004;4,57;6,15;7;M;MÉLENCHON;Jean-Luc;48478;24,61;33,11;8;F;HIDALGO;Anne;3740;1,90;2,55;9;M;JADOT;Yannick;14617;7,42;9,98;10;F;PÉCRESSE;Valérie;7073;3,59;4,83;11;M;POUTOU;Philippe;1186;0,60;0,81;12;M;DUPONT-AIGNAN;Nicolas;1658;0,84;1,13
45;Loiret;234;Orléans;Complet;64341;18524;28,79;45817;71,21;580;0,90;1,27;269;0,42;0,59;44968;69,89;98,15;1;F;ARTHAUD;Nathalie;230;0,36;0,51;2;M;ROUSSEL;Fabien;918;1,43;2,04;3;M;MACRON;Emmanuel;13674;21,25;30,41;4;M;LASSALLE;Jean;775;1,20;1,72;5;F;LE PEN;Marine;5656;8,79;12,58;6;M;ZEMMOUR;Éric;3455;5,37;7,68;7;M;MÉLENCHON;Jean-Luc;12818;19,92;28,50;8;F;HIDALGO;Anne;962;1,50;2,14;9;M;JADOT;Yannick;2955;4,59;6,57;10;F;PÉCRESSE;Valérie;2524;3,92;5,61;11;M;POUTOU;Philippe;300;0,47;0,67;12;M;DUPONT-AIGNAN;Nicolas;701;1,09;1,56
46;Lot;143;Lacapelle-Marival;Complet;926;211;22,79;715;77,21;14;1,51;1,96;11;1,19;1,54;690;74,51;96,50;1;F;ARTHAUD;Nathalie;5;0,54;0,72;2;M;ROUSSEL;Fabien;13;1,40;1,88;3;M;MACRON;Emmanuel;168;18,14;24,35;4;M;LASSALLE;Jean;64;6,91;9,28;5;F;LE PEN;Marine;133;14,36;19,28;6;M;ZEMMOUR;Éric;39;4,21;5,65;7;M;MÉLENCHON;Jean-Luc;172;18,57;24,93;8;F;HIDALGO;Anne;23;2,48;3,33;9;M;JADOT;Yannick;23;2,48;3,33;10;F;PÉCRESSE;Valérie;29;3,13;4,20;11;M;POUTOU;Philippe;5;0,54;0,72;12;M;DUPONT-AIGNAN;Nicolas;16;1,73;2,32
47;Lot-et-Garonne;248;Saint-Jean-de-Thurac;Complet;431;83;19,26;348;80,74;6;1,39;1,72;2;0,46;0,57;340;78,89;97,70;1;F;ARTHAUD;Nathalie;2;0,46;0,59;2;M;ROUSSEL;Fabien;14;3,25;4,12;3;M;MACRON;Emmanuel;74;17,17;21,76;4;M;LASSALLE;Jean;39;9,05;11,47;5;F;LE PEN;Marine;99;22,97;29,12;6;M;ZEMMOUR;Éric;25;5,80;7,35;7;M;MÉLENCHON;Jean-Luc;60;13,92;17,65;8;F;HIDALGO;Anne;0;0,00;0,00;9;M;JADOT;Yannick;4;0,93;1,18;10;F;PÉCRESSE;Valérie;15;3,48;4,41;11;M;POUTOU;Philippe;4;0,93;1,18;12;M;DUPONT-AIGNAN;Nicolas;4;0,93;1,18
48;Lozère;038;Bel-Air-Val-d'Ance;Complet;438;98;22,37;340;77,63;4;0,91;1,18;2;0,46;0,59;334;76,26;98,24;1;F;ARTHAUD;Nathalie;3;0,68;0,90;2;M;ROUSSEL;Fabien;12;2,74;3,59;3;M;MACRON;Emmanuel;52;11,87;15,57;4;M;LASSALLE;Jean;40;9,13;11,98;5;F;LE PEN;Marine;97;22,15;29,04;6;M;ZEMMOUR;Éric;24;5,48;7,19;7;M;MÉLENCHON;Jean-Luc;52;11,87;15,57;8;F;HIDALGO;Anne;3;0,68;0,90;9;M;JADOT;Yannick;8;1,83;2,40;10;F;PÉCRESSE;Valérie;31;7,08;9,28;11;M;POUTOU;Philippe;4;0,91;1,20;12;M;DUPONT-AIGNAN;Nicolas;8;1,83;2,40
48;Lozère;099;Bourgs sur Colagne;Complet;1484;226;15,23;1258;84,77;23;1,55;1,83;11;0,74;0,87;1224;82,48;97,30;1;F;ARTHAUD;Nathalie;6;0,40;0,49;2;M;ROUSSEL;Fabien;41;2,76;3,35;3;M;MACRON;Emmanuel;242;16,31;19,77;4;M;LASSALLE;Jean;143;9,64;11,68;5;F;LE PEN;Marine;307;20,69;25,08;6;M;ZEMMOUR;Éric;80;5,39;6,54;7;M;MÉLENCHON;Jean-Luc;220;14,82;17,97;8;F;HIDALGO;Anne;32;2,16;2,61;9;M;JADOT;Yannick;51;3,44;4,17;10;F;PÉCRESSE;Valérie;70;4,72;5,72;11;M;POUTOU;Philippe;15;1,01;1,23;12;M;DUPONT-AIGNAN;Nicolas;17;1,15;1,39
49;Maine-et-Loire;007;Angers;Complet;92523;25901;27,99;66622;72,01;921;1,00;1,38;303;0,33;0,45;65398;70,68;98,16;1;F;ARTHAUD;Nathalie;319;0,34;0,49;2;M;ROUSSEL;Fabien;1221;1,32;1,87;3;M;MACRON;Emmanuel;21829;23,59;33,38;4;M;LASSALLE;Jean;1079;1,17;1,65;5;F;LE PEN;Marine;7524;8,13;11,50;6;M;ZEMMOUR;Éric;3850;4,16;5,89;7;M;MÉLENCHON;Jean-Luc;17798;19,24;27,21;8;F;HIDALGO;Anne;1532;1,66;2,34;9;M;JADOT;Yannick;5441;5,88;8,32;10;F;PÉCRESSE;Valérie;3276;3,54;5,01;11;M;POUTOU;Philippe;509;0,55;0,78;12;M;DUPONT-AIGNAN;Nicolas;1020;1,10;1,56
49;Maine-et-Loire;056;Carbay;Complet;185;33;17,84;152;82,16;4;2,16;2,63;1;0,54;0,66;147;79,46;96,71;1;F;ARTHAUD;Nathalie;1;0,54;0,68;2;M;ROUSSEL;Fabien;2;1,08;1,36;3;M;MACRON;Emmanuel;46;24,86;31,29;4;M;LASSALLE;Jean;5;2,70;3,40;5;F;LE PEN;Marine;59;31,89;40,14;6;M;ZEMMOUR;Éric;3;1,62;2,04;7;M;MÉLENCHON;Jean-Luc;14;7,57;9,52;8;F;HIDALGO;Anne;0;0,00;0,00;9;M;JADOT;Yannick;4;2,16;2,72;10;F;PÉCRESSE;Valérie;5;2,70;3,40;11;M;POUTOU;Philippe;2;1,08;1,36;12;M;DUPONT-AIGNAN;Nicolas;6;3,24;4,08
49;Maine-et-Loire;219;Montsoreau;Complet;355;78;21,97;277;78,03;3;0,85;1,08;0;0,00;0,00;274;77,18;98,92;1;F;ARTHAUD;Nathalie;0;0,00;0,00;2;M;ROUSSEL;Fabien;3;0,85;1,09;3;M;MACRON;Emmanuel;100;28,17;36,50;4;M;LASSALLE;Jean;16;4,51;5,84;5;F;LE PEN;Marine;64;18,03;23,36;6;M;ZEMMOUR;Éric;18;5,07;6,57;7;M;MÉLENCHON;Jean-Luc;37;10,42;13,50;8;F;HIDALGO;Anne;1;0,28;0,36;9;M;JADOT;Yannick;17;4,79;6,20;10;F;PÉCRESSE;Valérie;14;3,94;5,11;11;M;POUTOU;Philippe;0;0,00;0,00;12;M;DUPONT-AIGNAN;Nicolas;4;1,13;1,46
50;Manche;252;Hudimesnil;Complet;704;155;22,02;549;77,98;8;1,14;1,46;4;0,57;0,73;537;76,28;97,81;1;F;ARTHAUD;Nathalie;7;0,99;1,30;2;M;ROUSSEL;Fabien;6;0,85;1,12;3;M;MACRON;Emmanuel;166;23,58;30,91;4;M;LASSALLE;Jean;22;3,13;4,10;5;F;LE PEN;Marine;140;19,89;26,07;6;M;ZEMMOUR;Éric;23;3,27;4,28;7;M;MÉLENCHON;Jean-Luc;98;13,92;18,25;8;F;HIDALGO;Anne;5;0,71;0,93;9;M;JADOT;Yannick;23;3,27;4,28;10;F;PÉCRESSE;Valérie;27;3,84;5,03;11;M;POUTOU;Philippe;3;0,43;0,56;12;M;DUPONT-AIGNAN;Nicolas;17;2,41;3,17
50;Manche;576;Siouville-Hague;Complet;841;204;24,26;637;75,74;8;0,95;1,26;3;0,36;0,47;626;74,44;98,27;1;F;ARTHAUD;Nathalie;6;0,71;0,96;2;M;ROUSSEL;Fabien;22;2,62;3,51;3;M;MACRON;Emmanuel;166;19,74;26,52;4;M;LASSALLE;Jean;27;3,21;4,31;5;F;LE PEN;Marine;131;15,58;20,93;6;M;ZEMMOUR;Éric;26;3,09;4,15;7;M;MÉLENCHON;Jean-Luc;160;19,02;25,56;8;F;HIDALGO;Anne;14;1,66;2,24;9;M;JADOT;Yannick;32;3,80;5,11;10;F;PÉCRESSE;Valérie;27;3,21;4,31;11;M;POUTOU;Philippe;7;0,83;1,12;12;M;DUPONT-AIGNAN;Nicolas;8;0,95;1,28
51;Marne;237;Esternay;Complet;1171;283;24,17;888;75,83;8;0,68;0,90;3;0,26;0,34;877;74,89;98,76;1;F;ARTHAUD;Nathalie;8;0,68;0,91;2;M;ROUSSEL;Fabien;15;1,28;1,71;3;M;MACRON;Emmanuel;211;18,02;24,06;4;M;LASSALLE;Jean;18;1,54;2,05;5;F;LE PEN;Marine;345;29,46;39,34;6;M;ZEMMOUR;Éric;69;5,89;7,87;7;M;MÉLENCHON;Jean-Luc;103;8,80;11,74;8;F;HIDALGO;Anne;11;0,94;1,25;9;M;JADOT;Yannick;7;0,60;0,80;10;F;PÉCRESSE;Valérie;58;4,95;6,61;11;M;POUTOU;Philippe;4;0,34;0,46;12;M;DUPONT-AIGNAN;Nicolas;28;2,39;3,19
51;Marne;262;Frignicourt;Complet;1402;310;22,11;1092;77,89;22;1,57;2,01;3;0,21;0,27;1067;76,11;97,71;1;F;ARTHAUD;Nathalie;4;0,29;0,37;2;M;ROUSSEL;Fabien;19;1,36;1,78;3;M;MACRON;Emmanuel;296;21,11;27,74;4;M;LASSALLE;Jean;24;1,71;2,25;5;F;LE PEN;Marine;410;29,24;38,43;6;M;ZEMMOUR;Éric;73;5,21;6,84;7;M;MÉLENCHON;Jean-Luc;125;8,92;11,72;8;F;HIDALGO;Anne;23;1,64;2,16;9;M;JADOT;Yannick;24;1,71;2,25;10;F;PÉCRESSE;Valérie;41;2,92;3,84;11;M;POUTOU;Philippe;5;0,36;0,47;12;M;DUPONT-AIGNAN;Nicolas;23;1,64;2,16
51;Marne;454;Reims;Complet;100055;32853;32,83;67202;67,17;776;0,78;1,15;399;0,40;0,59;66027;65,99;98,25;1;F;ARTHAUD;Nathalie;446;0,45;0,68;2;M;ROUSSEL;Fabien;1223;1,22;1,85;3;M;MACRON;Emmanuel;19289;19,28;29,21;4;M;LASSALLE;Jean;1161;1,16;1,76;5;F;LE PEN;Marine;14748;14,74;22,34;6;M;ZEMMOUR;Éric;4657;4,65;7,05;7;M;MÉLENCHON;Jean-Luc;16201;16,19;24,54;8;F;HIDALGO;Anne;978;0,98;1,48;9;M;JADOT;Yannick;2941;2,94;4,45;10;F;PÉCRESSE;Valérie;2900;2,90;4,39;11;M;POUTOU;Philippe;447;0,45;0,68;12;M;DUPONT-AIGNAN;Nicolas;1036;1,04;1,57
52;Haute-Marne;044;Roches-Bettaincourt;Complet;512;138;26,95;374;73,05;4;0,78;1,07;3;0,59;0,80;367;71,68;98,13;1;F;ARTHAUD;Nathalie;0;0,00;0,00;2;M;ROUSSEL;Fabien;5;0,98;1,36;3;M;MACRON;Emmanuel;74;14,45;20,16;4;M;LASSALLE;Jean;16;3,13;4,36;5;F;LE PEN;Marine;190;37,11;51,77;6;M;ZEMMOUR;Éric;20;3,91;5,45;7;M;MÉLENCHON;Jean-Luc;23;4,49;6,27;8;F;HIDALGO;Anne;5;0,98;1,36;9;M;JADOT;Yannick;3;0,59;0,82;10;F;PÉCRESSE;Valérie;26;5,08;7,08;11;M;POUTOU;Philippe;2;0,39;0,54;12;M;DUPONT-AIGNAN;Nicolas;3;0,59;0,82
53;Mayenne;087;La Cropte;Complet;186;29;15,59;157;84,41;4;2,15;2,55;3;1,61;1,91;150;80,65;95,54;1;F;ARTHAUD;Nathalie;1;0,54;0,67;2;M;ROUSSEL;Fabien;4;2,15;2,67;3;M;MACRON;Emmanuel;51;27,42;34,00;4;M;LASSALLE;Jean;6;3,23;4,00;5;F;LE PEN;Marine;38;20,43;25,33;6;M;ZEMMOUR;Éric;8;4,30;5,33;7;M;MÉLENCHON;Jean-Luc;25;13,44;16,67;8;F;HIDALGO;Anne;2;1,08;1,33;9;M;JADOT;Yannick;6;3,23;4,00;10;F;PÉCRESSE;Valérie;5;2,69;3,33;11;M;POUTOU;Philippe;3;1,61;2,00;12;M;DUPONT-AIGNAN;Nicolas;1;0,54;0,67
53;Mayenne;176;Le Pas;Complet;398;104;26,13;294;73,87;6;1,51;2,04;1;0,25;0,34;287;72,11;97,62;1;F;ARTHAUD;Nathalie;3;0,75;1,05;2;M;ROUSSEL;Fabien;5;1,26;1,74;3;M;MACRON;Emmanuel;89;22,36;31,01;4;M;LASSALLE;Jean;13;3,27;4,53;5;F;LE PEN;Marine;98;24,62;34,15;6;M;ZEMMOUR;Éric;9;2,26;3,14;7;M;MÉLENCHON;Jean-Luc;25;6,28;8,71;8;F;HIDALGO;Anne;2;0,50;0,70;9;M;JADOT;Yannick;10;2,51;3,48;10;F;PÉCRESSE;Valérie;20;5,03;6,97;11;M;POUTOU;Philippe;5;1,26;1,74;12;M;DUPONT-AIGNAN;Nicolas;8;2,01;2,79
54;Meurthe-et-Moselle;043;Bainville-sur-Madon;Complet;852;196;23,00;656;77,00;8;0,94;1,22;6;0,70;0,91;642;75,35;97,87;1;F;ARTHAUD;Nathalie;3;0,35;0,47;2;M;ROUSSEL;Fabien;14;1,64;2,18;3;M;MACRON;Emmanuel;207;24,30;32,24;4;M;LASSALLE;Jean;21;2,46;3,27;5;F;LE PEN;Marine;195;22,89;30,37;6;M;ZEMMOUR;Éric;37;4,34;5,76;7;M;MÉLENCHON;Jean-Luc;85;9,98;13,24;8;F;HIDALGO;Anne;13;1,53;2,02;9;M;JADOT;Yannick;30;3,52;4,67;10;F;PÉCRESSE;Valérie;15;1,76;2,34;11;M;POUTOU;Philippe;8;0,94;1,25;12;M;DUPONT-AIGNAN;Nicolas;14;1,64;2,18
54;Meurthe-et-Moselle;512;Tanconville;Complet;104;22;21,15;82;78,85;2;1,92;2,44;0;0,00;0,00;80;76,92;97,56;1;F;ARTHAUD;Nathalie;0;0,00;0,00;2;M;ROUSSEL;Fabien;1;0,96;1,25;3;M;MACRON;Emmanuel;26;25,00;32,50;4;M;LASSALLE;Jean;3;2,88;3,75;5;F;LE PEN;Marine;22;21,15;27,50;6;M;ZEMMOUR;Éric;17;16,35;21,25;7;M;MÉLENCHON;Jean-Luc;0;0,00;0,00;8;F;HIDALGO;Anne;1;0,96;1,25;9;M;JADOT;Yannick;3;2,88;3,75;10;F;PÉCRESSE;Valérie;4;3,85;5,00;11;M;POUTOU;Philippe;1;0,96;1,25;12;M;DUPONT-AIGNAN;Nicolas;2;1,92;2,50
54;Meurthe-et-Moselle;521;Thil;Complet;1006;315;31,31;691;68,69;13;1,29;1,88;8;0,80;1,16;670;66,60;96,96;1;F;ARTHAUD;Nathalie;7;0,70;1,04;2;M;ROUSSEL;Fabien;73;7,26;10,90;3;M;MACRON;Emmanuel;149;14,81;22,24;4;M;LASSALLE;Jean;12;1,19;1,79;5;F;LE PEN;Marine;144;14,31;21,49;6;M;ZEMMOUR;Éric;43;4,27;6,42;7;M;MÉLENCHON;Jean-Luc;181;17,99;27,01;8;F;HIDALGO;Anne;14;1,39;2,09;9;M;JADOT;Yannick;15;1,49;2,24;10;F;PÉCRESSE;Valérie;9;0,89;1,34;11;M;POUTOU;Philippe;11;1,09;1,64;12;M;DUPONT-AIGNAN;Nicolas;12;1,19;1,79
55;Meuse;364;Mouzay;Complet;522;137;26,25;385;73,75;4;0,77;1,04;1;0,19;0,26;380;72,80;98,70;1;F;ARTHAUD;Nathalie;4;0,77;1,05;2;M;ROUSSEL;Fabien;6;1,15;1,58;3;M;MACRON;Emmanuel;94;18,01;24,74;4;M;LASSALLE;Jean;17;3,26;4,47;5;F;LE PEN;Marine;147;28,16;38,68;6;M;ZEMMOUR;Éric;30;5,75;7,89;7;M;MÉLENCHON;Jean-Luc;47;9,00;12,37;8;F;HIDALGO;Anne;7;1,34;1,84;9;M;JADOT;Yannick;10;1,92;2,63;10;F;PÉCRESSE;Valérie;7;1,34;1,84;11;M;POUTOU;Philippe;3;0,57;0,79;12;M;DUPONT-AIGNAN;Nicolas;8;1,53;2,11
55;Meuse;448;Rupt-devant-Saint-Mihiel;Complet;41;9;21,95;32;78,05;2;4,88;6,25;1;2,44;3,13;29;70,73;90,63;1;F;ARTHAUD;Nathalie;0;0,00;0,00;2;M;ROUSSEL;Fabien;2;4,88;6,90;3;M;MACRON;Emmanuel;6;14,63;20,69;4;M;LASSALLE;Jean;2;4,88;6,90;5;F;LE PEN;Marine;13;31,71;44,83;6;M;ZEMMOUR;Éric;2;4,88;6,90;7;M;MÉLENCHON;Jean-Luc;1;2,44;3,45;8;F;HIDALGO;Anne;0;0,00;0,00;9;M;JADOT;Yannick;1;2,44;3,45;10;F;PÉCRESSE;Valérie;1;2,44;3,45;11;M;POUTOU;Philippe;1;2,44;3,45;12;M;DUPONT-AIGNAN;Nicolas;0;0,00;0,00
56;Morbihan;023;Brech;Complet;5680;1148;20,21;4532;79,79;89;1,57;1,96;37;0,65;0,82;4406;77,57;97,22;1;F;ARTHAUD;Nathalie;31;0,55;0,70;2;M;ROUSSEL;Fabien;114;2,01;2,59;3;M;MACRON;Emmanuel;1423;25,05;32,30;4;M;LASSALLE;Jean;138;2,43;3,13;5;F;LE PEN;Marine;881;15,51;20,00;6;M;ZEMMOUR;Éric;191;3,36;4,33;7;M;MÉLENCHON;Jean-Luc;868;15,28;19,70;8;F;HIDALGO;Anne;80;1,41;1,82;9;M;JADOT;Yannick;335;5,90;7,60;10;F;PÉCRESSE;Valérie;224;3,94;5,08;11;M;POUTOU;Philippe;38;0,67;0,86;12;M;DUPONT-AIGNAN;Nicolas;83;1,46;1,88
56;Morbihan;048;Le Croisty;Complet;617;134;21,72;483;78,28;7;1,13;1,45;3;0,49;0,62;473;76,66;97,93;1;F;ARTHAUD;Nathalie;3;0,49;0,63;2;M;ROUSSEL;Fabien;9;1,46;1,90;3;M;MACRON;Emmanuel;105;17,02;22,20;4;M;LASSALLE;Jean;24;3,89;5,07;5;F;LE PEN;Marine;140;22,69;29,60;6;M;ZEMMOUR;Éric;14;2,27;2,96;7;M;MÉLENCHON;Jean-Luc;112;18,15;23,68;8;F;HIDALGO;Anne;5;0,81;1,06;9;M;JADOT;Yannick;15;2,43;3,17;10;F;PÉCRESSE;Valérie;14;2,27;2,96;11;M;POUTOU;Philippe;9;1,46;1,90;12;M;DUPONT-AIGNAN;Nicolas;23;3,73;4,86
56;Morbihan;111;Limerzel;Complet;1065;241;22,63;824;77,37;17;1,60;2,06;4;0,38;0,49;803;75,40;97,45;1;F;ARTHAUD;Nathalie;9;0,85;1,12;2;M;ROUSSEL;Fabien;16;1,50;1,99;3;M;MACRON;Emmanuel;254;23,85;31,63;4;M;LASSALLE;Jean;38;3,57;4,73;5;F;LE PEN;Marine;205;19,25;25,53;6;M;ZEMMOUR;Éric;40;3,76;4,98;7;M;MÉLENCHON;Jean-Luc;143;13,43;17,81;8;F;HIDALGO;Anne;7;0,66;0,87;9;M;JADOT;Yannick;35;3,29;4,36;10;F;PÉCRESSE;Valérie;26;2,44;3,24;11;M;POUTOU;Philippe;3;0,28;0,37;12;M;DUPONT-AIGNAN;Nicolas;27;2,54;3,36
57;Moselle;261;Gros-Réderching;Complet;1029;271;26,34;758;73,66;10;0,97;1,32;6;0,58;0,79;742;72,11;97,89;1;F;ARTHAUD;Nathalie;2;0,19;0,27;2;M;ROUSSEL;Fabien;14;1,36;1,89;3;M;MACRON;Emmanuel;161;15,65;21,70;4;M;LASSALLE;Jean;25;2,43;3,37;5;F;LE PEN;Marine;319;31,00;42,99;6;M;ZEMMOUR;Éric;69;6,71;9,30;7;M;MÉLENCHON;Jean-Luc;68;6,61;9,16;8;F;HIDALGO;Anne;9;0,87;1,21;9;M;JADOT;Yannick;13;1,26;1,75;10;F;PÉCRESSE;Valérie;25;2,43;3,37;11;M;POUTOU;Philippe;5;0,49;0,67;12;M;DUPONT-AIGNAN;Nicolas;32;3,11;4,31
57;Moselle;463;Metz;Complet;70385;23902;33,96;46483;66,04;548;0,78;1,18;250;0,36;0,54;45685;64,91;98,28;1;F;ARTHAUD;Nathalie;231;0,33;0,51;2;M;ROUSSEL;Fabien;799;1,14;1,75;3;M;MACRON;Emmanuel;13889;19,73;30,40;4;M;LASSALLE;Jean;834;1,18;1,83;5;F;LE PEN;Marine;7984;11,34;17,48;6;M;ZEMMOUR;Éric;3340;4,75;7,31;7;M;MÉLENCHON;Jean-Luc;12421;17,65;27,19;8;F;HIDALGO;Anne;769;1,09;1,68;9;M;JADOT;Yannick;2512;3,57;5,50;10;F;PÉCRESSE;Valérie;1832;2,60;4,01;11;M;POUTOU;Philippe;350;0,50;0,77;12;M;DUPONT-AIGNAN;Nicolas;724;1,03;1,58
58;Nièvre;176;Montigny-aux-Amognes;Complet;457;94;20,57;363;79,43;6;1,31;1,65;3;0,66;0,83;354;77,46;97,52;1;F;ARTHAUD;Nathalie;4;0,88;1,13;2;M;ROUSSEL;Fabien;12;2,63;3,39;3;M;MACRON;Emmanuel;95;20,79;26,84;4;M;LASSALLE;Jean;16;3,50;4,52;5;F;LE PEN;Marine;84;18,38;23,73;6;M;ZEMMOUR;Éric;18;3,94;5,08;7;M;MÉLENCHON;Jean-Luc;71;15,54;20,06;8;F;HIDALGO;Anne;4;0,88;1,13;9;M;JADOT;Yannick;14;3,06;3,95;10;F;PÉCRESSE;Valérie;22;4,81;6,21;11;M;POUTOU;Philippe;7;1,53;1,98;12;M;DUPONT-AIGNAN;Nicolas;7;1,53;1,98
59;Nord;350;Lille;Complet;127228;37474;29,45;89754;70,55;977;0,77;1,09;450;0,35;0,50;88327;69,42;98,41;1;F;ARTHAUD;Nathalie;424;0,33;0,48;2;M;ROUSSEL;Fabien;2063;1,62;2,34;3;M;MACRON;Emmanuel;22672;17,82;25,67;4;M;LASSALLE;Jean;1022;0,80;1,16;5;F;LE PEN;Marine;10397;8,17;11,77;6;M;ZEMMOUR;Éric;3908;3,07;4,42;7;M;MÉLENCHON;Jean-Luc;35799;28,14;40,53;8;F;HIDALGO;Anne;2000;1,57;2,26;9;M;JADOT;Yannick;6215;4,88;7,04;10;F;PÉCRESSE;Valérie;2345;1,84;2,65;11;M;POUTOU;Philippe;648;0,51;0,73;12;M;DUPONT-AIGNAN;Nicolas;834;0,66;0,94
59;Nord;627;Villers-Sire-Nicole;Complet;713;213;29,87;500;70,13;13;1,82;2,60;0;0,00;0,00;487;68,30;97,40;1;F;ARTHAUD;Nathalie;5;0,70;1,03;2;M;ROUSSEL;Fabien;8;1,12;1,64;3;M;MACRON;Emmanuel;100;14,03;20,53;4;M;LASSALLE;Jean;8;1,12;1,64;5;F;LE PEN;Marine;230;32,26;47,23;6;M;ZEMMOUR;Éric;33;4,63;6,78;7;M;MÉLENCHON;Jean-Luc;49;6,87;10,06;8;F;HIDALGO;Anne;5;0,70;1,03;9;M;JADOT;Yannick;9;1,26;1,85;10;F;PÉCRESSE;Valérie;26;3,65;5,34;11;M;POUTOU;Philippe;3;0,42;0,62;12;M;DUPONT-AIGNAN;Nicolas;11;1,54;2,26
59;Nord;668;Zuydcoote;Complet;1165;255;21,89;910;78,11;20;1,72;2,20;11;0,94;1,21;879;75,45;96,59;1;F;ARTHAUD;Nathalie;12;1,03;1,37;2;M;ROUSSEL;Fabien;43;3,69;4,89;3;M;MACRON;Emmanuel;261;22,40;29,69;4;M;LASSALLE;Jean;30;2,58;3,41;5;F;LE PEN;Marine;238;20,43;27,08;6;M;ZEMMOUR;Éric;63;5,41;7,17;7;M;MÉLENCHON;Jean-Luc;138;11,85;15,70;8;F;HIDALGO;Anne;6;0,52;0,68;9;M;JADOT;Yannick;25;2,15;2,84;10;F;PÉCRESSE;Valérie;31;2,66;3,53;11;M;POUTOU;Philippe;10;0,86;1,14;12;M;DUPONT-AIGNAN;Nicolas;22;1,89;2,50
60;Oise;501;Le Plessis-Brion;Complet;1079;242;22,43;837;77,57;17;1,58;2,03;9;0,83;1,08;811;75,16;96,89;1;F;ARTHAUD;Nathalie;12;1,11;1,48;2;M;ROUSSEL;Fabien;21;1,95;2,59;3;M;MACRON;Emmanuel;215;19,93;26,51;4;M;LASSALLE;Jean;11;1,02;1,36;5;F;LE PEN;Marine;241;22,34;29,72;6;M;ZEMMOUR;Éric;58;5,38;7,15;7;M;MÉLENCHON;Jean-Luc;161;14,92;19,85;8;F;HIDALGO;Anne;10;0,93;1,23;9;M;JADOT;Yannick;33;3,06;4,07;10;F;PÉCRESSE;Valérie;19;1,76;2,34;11;M;POUTOU;Philippe;6;0,56;0,74;12;M;DUPONT-AIGNAN;Nicolas;24;2,22;2,96
60;Oise;567;Saint-Aubin-en-Bray;Complet;806;173;21,46;633;78,54;14;1,74;2,21;1;0,12;0,16;618;76,67;97,63;1;F;ARTHAUD;Nathalie;3;0,37;0,49;2;M;ROUSSEL;Fabien;6;0,74;0,97;3;M;MACRON;Emmanuel;118;14,64;19,09;4;M;LASSALLE;Jean;13;1,61;2,10;5;F;LE PEN;Marine;300;37,22;48,54;6;M;ZEMMOUR;Éric;38;4,71;6,15;7;M;MÉLENCHON;Jean-Luc;76;9,43;12,30;8;F;HIDALGO;Anne;6;0,74;0,97;9;M;JADOT;Yannick;21;2,61;3,40;10;F;PÉCRESSE;Valérie;13;1,61;2,10;11;M;POUTOU;Philippe;7;0,87;1,13;12;M;DUPONT-AIGNAN;Nicolas;17;2,11;2,75
61;Orne;181;Gacé;Complet;1172;304;25,94;868;74,06;15;1,28;1,73;5;0,43;0,58;848;72,35;97,70;1;F;ARTHAUD;Nathalie;9;0,77;1,06;2;M;ROUSSEL;Fabien;14;1,19;1,65;3;M;MACRON;Emmanuel;270;23,04;31,84;4;M;LASSALLE;Jean;25;2,13;2,95;5;F;LE PEN;Marine;279;23,81;32,90;6;M;ZEMMOUR;Éric;46;3,92;5,42;7;M;MÉLENCHON;Jean-Luc;102;8,70;12,03;8;F;HIDALGO;Anne;16;1,37;1,89;9;M;JADOT;Yannick;25;2,13;2,95;10;F;PÉCRESSE;Valérie;42;3,58;4,95;11;M;POUTOU;Philippe;5;0,43;0,59;12;M;DUPONT-AIGNAN;Nicolas;15;1,28;1,77
61;Orne;339;Putanges le Lac;Complet;1613;454;28,15;1159;71,85;19;1,18;1,64;4;0,25;0,35;1136;70,43;98,02;1;F;ARTHAUD;Nathalie;10;0,62;0,88;2;M;ROUSSEL;Fabien;34;2,11;2,99;3;M;MACRON;Emmanuel;324;20,09;28,52;4;M;LASSALLE;Jean;44;2,73;3,87;5;F;LE PEN;Marine;285;17,67;25,09;6;M;ZEMMOUR;Éric;76;4,71;6,69;7;M;MÉLENCHON;Jean-Luc;216;13,39;19,01;8;F;HIDALGO;Anne;11;0,68;0,97;9;M;JADOT;Yannick;42;2,60;3,70;10;F;PÉCRESSE;Valérie;52;3,22;4,58;11;M;POUTOU;Philippe;14;0,87;1,23;12;M;DUPONT-AIGNAN;Nicolas;28;1,74;2,46
61;Orne;397;Saint-Germain-du-Corbéis;Complet;2997;798;26,63;2199;73,37;50;1,67;2,27;16;0,53;0,73;2133;71,17;97,00;1;F;ARTHAUD;Nathalie;18;0,60;0,84;2;M;ROUSSEL;Fabien;54;1,80;2,53;3;M;MACRON;Emmanuel;784;26,16;36,76;4;M;LASSALLE;Jean;45;1,50;2,11;5;F;LE PEN;Marine;489;16,32;22,93;6;M;ZEMMOUR;Éric;106;3,54;4,97;7;M;MÉLENCHON;Jean-Luc;368;12,28;17,25;8;F;HIDALGO;Anne;44;1,47;2,06;9;M;JADOT;Yannick;92;3,07;4,31;10;F;PÉCRESSE;Valérie;93;3,10;4,36;11;M;POUTOU;Philippe;12;0,40;0,56;12;M;DUPONT-AIGNAN;Nicolas;28;0,93;1,31
62;Pas-de-Calais;050;Auchy-lès-Hesdin;Complet;1161;265;22,83;896;77,17;15;1,29;1,67;5;0,43;0,56;876;75,45;97,77;1;F;ARTHAUD;Nathalie;6;0,52;0,68;2;M;ROUSSEL;Fabien;27;2,33;3,08;3;M;MACRON;Emmanuel;198;17,05;22,60;4;M;LASSALLE;Jean;17;1,46;1,94;5;F;LE PEN;Marine;400;34,45;45,66;6;M;ZEMMOUR;Éric;31;2,67;3,54;7;M;MÉLENCHON;Jean-Luc;112;9,65;12,79;8;F;HIDALGO;Anne;11;0,95;1,26;9;M;JADOT;Yannick;13;1,12;1,48;10;F;PÉCRESSE;Valérie;36;3,10;4,11;11;M;POUTOU;Philippe;3;0,26;0,34;12;M;DUPONT-AIGNAN;Nicolas;22;1,89;2,51
62;Pas-de-Calais;054;Audinghen;Complet;480;70;14,58;410;85,42;3;0,63;0,73;4;0,83;0,98;403;83,96;98,29;1;F;ARTHAUD;Nathalie;2;0,42;0,50;2;M;ROUSSEL;Fabien;14;2,92;3,47;3;M;MACRON;Emmanuel;119;24,79;29,53;4;M;LASSALLE;Jean;11;2,29;2,73;5;F;LE PEN;Marine;118;24,58;29,28;6;M;ZEMMOUR;Éric;41;8,54;10,17;7;M;MÉLENCHON;Jean-Luc;50;10,42;12,41;8;F;HIDALGO;Anne;4;0,83;0,99;9;M;JADOT;Yannick;14;2,92;3,47;10;F;PÉCRESSE;Valérie;23;4,79;5,71;11;M;POUTOU;Philippe;1;0,21;0,25;12;M;DUPONT-AIGNAN;Nicolas;6;1,25;1,49
62;Pas-de-Calais;172;Boyelles;Complet;274;42;15,33;232;84,67;6;2,19;2,59;1;0,36;0,43;225;82,12;96,98;1;F;ARTHAUD;Nathalie;1;0,36;0,44;2;M;ROUSSEL;Fabien;5;1,82;2,22;3;M;MACRON;Emmanuel;53;19,34;23,56;4;M;LASSALLE;Jean;8;2,92;3,56;5;F;LE PEN;Marine;99;36,13;44,00;6;M;ZEMMOUR;Éric;13;4,74;5,78;7;M;MÉLENCHON;Jean-Luc;23;8,39;10,22;8;F;HIDALGO;Anne;1;0,36;0,44;9;M;JADOT;Yannick;5;1,82;2,22;10;F;PÉCRESSE;Valérie;11;4,01;4,89;11;M;POUTOU;Philippe;2;0,73;0,89;12;M;DUPONT-AIGNAN;Nicolas;4;1,46;1,78
63;Puy-de-Dôme;113;Clermont-Ferrand;Complet;73343;20069;27,36;53274;72,64;812;1,11;1,52;322;0,44;0,60;52140;71,09;97,87;1;F;ARTHAUD;Nathalie;296;0,40;0,57;2;M;ROUSSEL;Fabien;1536;2,09;2,95;3;M;MACRON;Emmanuel;14563;19,86;27,93;4;M;LASSALLE;Jean;1174;1,60;2,25;5;F;LE PEN;Marine;7402;10,09;14,20;6;M;ZEMMOUR;Éric;3068;4,18;5,88;7;M;MÉLENCHON;Jean-Luc;16243;22,15;31,15;8;F;HIDALGO;Anne;1358;1,85;2,60;9;M;JADOT;Yannick;3132;4,27;6,01;10;F;PÉCRESSE;Valérie;2161;2,95;4,14;11;M;POUTOU;Philippe;456;0,62;0,87;12;M;DUPONT-AIGNAN;Nicolas;751;1,02;1,44
63;Puy-de-Dôme;338;Saint-Éloy-les-Mines;Complet;2711;803;29,62;1908;70,38;33;1,22;1,73;35;1,29;1,83;1840;67,87;96,44;1;F;ARTHAUD;Nathalie;22;0,81;1,20;2;M;ROUSSEL;Fabien;75;2,77;4,08;3;M;MACRON;Emmanuel;392;14,46;21,30;4;M;LASSALLE;Jean;102;3,76;5,54;5;F;LE PEN;Marine;659;24,31;35,82;6;M;ZEMMOUR;Éric;99;3,65;5,38;7;M;MÉLENCHON;Jean-Luc;299;11,03;16,25;8;F;HIDALGO;Anne;30;1,11;1,63;9;M;JADOT;Yannick;33;1,22;1,79;10;F;PÉCRESSE;Valérie;80;2,95;4,35;11;M;POUTOU;Philippe;13;0,48;0,71;12;M;DUPONT-AIGNAN;Nicolas;36;1,33;1,96
63;Puy-de-Dôme;431;Thiolières;Complet;133;30;22,56;103;77,44;1;0,75;0,97;1;0,75;0,97;101;75,94;98,06;1;F;ARTHAUD;Nathalie;2;1,50;1,98;2;M;ROUSSEL;Fabien;0;0,00;0,00;3;M;MACRON;Emmanuel;21;15,79;20,79;4;M;LASSALLE;Jean;6;4,51;5,94;5;F;LE PEN;Marine;39;29,32;38,61;6;M;ZEMMOUR;Éric;6;4,51;5,94;7;M;MÉLENCHON;Jean-Luc;19;14,29;18,81;8;F;HIDALGO;Anne;2;1,50;1,98;9;M;JADOT;Yannick;3;2,26;2,97;10;F;PÉCRESSE;Valérie;1;0,75;0,99;11;M;POUTOU;Philippe;0;0,00;0,00;12;M;DUPONT-AIGNAN;Nicolas;2;1,50;1,98
64;Pyrénées-Atlantiques;413;Narcastet;Complet;530;72;13,58;458;86,42;10;1,89;2,18;2;0,38;0,44;446;84,15;97,38;1;F;ARTHAUD;Nathalie;2;0,38;0,45;2;M;ROUSSEL;Fabien;14;2,64;3,14;3;M;MACRON;Emmanuel;128;24,15;28,70;4;M;LASSALLE;Jean;50;9,43;11,21;5;F;LE PEN;Marine;95;17,92;21,30;6;M;ZEMMOUR;Éric;25;4,72;5,61;7;M;MÉLENCHON;Jean-Luc;78;14,72;17,49;8;F;HIDALGO;Anne;11;2,08;2,47;9;M;JADOT;Yannick;17;3,21;3,81;10;F;PÉCRESSE;Valérie;11;2,08;2,47;11;M;POUTOU;Philippe;3;0,57;0,67;12;M;DUPONT-AIGNAN;Nicolas;12;2,26;2,69
64;Pyrénées-Atlantiques;538;Uhart-Cize;Complet;589;127;21,56;462;78,44;7;1,19;1,52;1;0,17;0,22;454;77,08;98,27;1;F;ARTHAUD;Nathalie;4;0,68;0,88;2;M;ROUSSEL;Fabien;13;2,21;2,86;3;M;MACRON;Emmanuel;102;17,32;22,47;4;M;LASSALLE;Jean;86;14,60;18,94;5;F;LE PEN;Marine;79;13,41;17,40;6;M;ZEMMOUR;Éric;22;3,74;4,85;7;M;MÉLENCHON;Jean-Luc;64;10,87;14,10;8;F;HIDALGO;Anne;9;1,53;1,98;9;M;JADOT;Yannick;26;4,41;5,73;10;F;PÉCRESSE;Valérie;35;5,94;7,71;11;M;POUTOU;Philippe;8;1,36;1,76;12;M;DUPONT-AIGNAN;Nicolas;6;1,02;1,32
65;Hautes-Pyrénées;388;Saint-Lary-Soulan;Complet;498;119;23,90;379;76,10;4;0,80;1,06;8;1,61;2,11;367;73,69;96,83;1;F;ARTHAUD;Nathalie;2;0,40;0,54;2;M;ROUSSEL;Fabien;7;1,41;1,91;3;M;MACRON;Emmanuel;145;29,12;39,51;4;M;LASSALLE;Jean;25;5,02;6,81;5;F;LE PEN;Marine;66;13,25;17,98;6;M;ZEMMOUR;Éric;32;6,43;8,72;7;M;MÉLENCHON;Jean-Luc;40;8,03;10,90;8;F;HIDALGO;Anne;7;1,41;1,91;9;M;JADOT;Yannick;12;2,41;3,27;10;F;PÉCRESSE;Valérie;25;5,02;6,81;11;M;POUTOU;Philippe;2;0,40;0,54;12;M;DUPONT-AIGNAN;Nicolas;4;0,80;1,09
66;Pyrénées-Orientales;130;Osséja;Complet;809;202;24,97;607;75,03;7;0,87;1,15;3;0,37;0,49;597;73,79;98,35;1;F;ARTHAUD;Nathalie;2;0,25;0,34;2;M;ROUSSEL;Fabien;13;1,61;2,18;3;M;MACRON;Emmanuel;152;18,79;25,46;4;M;LASSALLE;Jean;38;4,70;6,37;5;F;LE PEN;Marine;149;18,42;24,96;6;M;ZEMMOUR;Éric;45;5,56;7,54;7;M;MÉLENCHON;Jean-Luc;114;14,09;19,10;8;F;HIDALGO;Anne;17;2,10;2,85;9;M;JADOT;Yannick;20;2,47;3,35;10;F;PÉCRESSE;Valérie;26;3,21;4,36;11;M;POUTOU;Philippe;8;0,99;1,34;12;M;DUPONT-AIGNAN;Nicolas;13;1,61;2,18
66;Pyrénées-Orientales;136;Perpignan;Complet;68277;20990;30,74;47287;69,26;485;0,71;1,03;375;0,55;0,79;46427;68,00;98,18;1;F;ARTHAUD;Nathalie;211;0,31;0,45;2;M;ROUSSEL;Fabien;918;1,34;1,98;3;M;MACRON;Emmanuel;9931;14,55;21,39;4;M;LASSALLE;Jean;1277;1,87;2,75;5;F;LE PEN;Marine;12712;18,62;27,38;6;M;ZEMMOUR;Éric;4460;6,53;9,61;7;M;MÉLENCHON;Jean-Luc;11949;17,50;25,74;8;F;HIDALGO;Anne;810;1,19;1,74;9;M;JADOT;Yannick;1630;2,39;3,51;10;F;PÉCRESSE;Valérie;1479;2,17;3,19;11;M;POUTOU;Philippe;281;0,41;0,61;12;M;DUPONT-AIGNAN;Nicolas;769;1,13;1,66
67;Bas-Rhin;416;Rott;Complet;365;97;26,58;268;73,42;7;1,92;2,61;0;0,00;0,00;261;71,51;97,39;1;F;ARTHAUD;Nathalie;1;0,27;0,38;2;M;ROUSSEL;Fabien;2;0,55;0,77;3;M;MACRON;Emmanuel;82;22,47;31,42;4;M;LASSALLE;Jean;3;0,82;1,15;5;F;LE PEN;Marine;84;23,01;32,18;6;M;ZEMMOUR;Éric;23;6,30;8,81;7;M;MÉLENCHON;Jean-Luc;28;7,67;10,73;8;F;HIDALGO;Anne;3;0,82;1,15;9;M;JADOT;Yannick;9;2,47;3,45;10;F;PÉCRESSE;Valérie;13;3,56;4,98;11;M;POUTOU;Philippe;1;0,27;0,38;12;M;DUPONT-AIGNAN;Nicolas;12;3,29;4,60
67;Bas-Rhin;482;Strasbourg;Complet;140550;36149;25,72;104401;74,28;1030;0,73;0,99;450;0,32;0,43;102921;73,23;98,58;1;F;ARTHAUD;Nathalie;414;0,29;0,40;2;M;ROUSSEL;Fabien;1256;0,89;1,22;3;M;MACRON;Emmanuel;31074;22,11;30,19;4;M;LASSALLE;Jean;1603;1,14;1,56;5;F;LE PEN;Marine;11379;8,10;11,06;6;M;ZEMMOUR;Éric;6175;4,39;6,00;7;M;MÉLENCHON;Jean-Luc;36512;25,98;35,48;8;F;HIDALGO;Anne;1936;1,38;1,88;9;M;JADOT;Yannick;6601;4,70;6,41;10;F;PÉCRESSE;Valérie;3754;2,67;3,65;11;M;POUTOU;Philippe;740;0,53;0,72;12;M;DUPONT-AIGNAN;Nicolas;1477;1,05;1,44
68;Haut-Rhin;232;Neuwiller;Complet;331;96;29,00;235;71,00;4;1,21;1,70;4;1,21;1,70;227;68,58;96,60;1;F;ARTHAUD;Nathalie;0;0,00;0,00;2;M;ROUSSEL;Fabien;0;0,00;0,00;3;M;MACRON;Emmanuel;95;28,70;41,85;4;M;LASSALLE;Jean;3;0,91;1,32;5;F;LE PEN;Marine;43;12,99;18,94;6;M;ZEMMOUR;Éric;25;7,55;11,01;7;M;MÉLENCHON;Jean-Luc;13;3,93;5,73;8;F;HIDALGO;Anne;1;0,30;0,44;9;M;JADOT;Yannick;16;4,83;7,05;10;F;PÉCRESSE;Valérie;22;6,65;9,69;11;M;POUTOU;Philippe;1;0,30;0,44;12;M;DUPONT-AIGNAN;Nicolas;8;2,42;3,52
68;Haut-Rhin;367;Widensolen;Complet;904;150;16,59;754;83,41;10;1,11;1,33;9;1,00;1,19;735;81,31;97,48;1;F;ARTHAUD;Nathalie;3;0,33;0,41;2;M;ROUSSEL;Fabien;6;0,66;0,82;3;M;MACRON;Emmanuel;169;18,69;22,99;4;M;LASSALLE;Jean;19;2,10;2,59;5;F;LE PEN;Marine;296;32,74;40,27;6;M;ZEMMOUR;Éric;63;6,97;8,57;7;M;MÉLENCHON;Jean-Luc;82;9,07;11,16;8;F;HIDALGO;Anne;11;1,22;1,50;9;M;JADOT;Yannick;40;4,42;5,44;10;F;PÉCRESSE;Valérie;17;1,88;2,31;11;M;POUTOU;Philippe;5;0,55;0,68;12;M;DUPONT-AIGNAN;Nicolas;24;2,65;3,27
69;Rhône;123;Lyon;Complet;292668;52825;18,05;239843;81,95;2798;0,96;1,17;817;0,28;0,34;236228;80,72;98,49;1;F;ARTHAUD;Nathalie;828;0,28;0,35;2;M;ROUSSEL;Fabien;3841;1,31;1,63;3;M;MACRON;Emmanuel;75199;25,69;31,83;4;M;LASSALLE;Jean;3415;1,17;1,45;5;F;LE PEN;Marine;21248;7,26;8,99;6;M;ZEMMOUR;Éric;18062;6,17;7,65;7;M;MÉLENCHON;Jean-Luc;73367;25,07;31,06;8;F;HIDALGO;Anne;4798;1,64;2,03;9;M;JADOT;Yannick;18107;6,19;7,67;10;F;PÉCRESSE;Valérie;13166;4,50;5,57;11;M;POUTOU;Philippe;1412;0,48;0,60;12;M;DUPONT-AIGNAN;Nicolas;2785;0,95;1,18
69;Rhône;266;Villeurbanne;Complet;88484;24518;27,71;63966;72,29;873;0,99;1,36;257;0,29;0,40;62836;71,01;98,23;1;F;ARTHAUD;Nathalie;265;0,30;0,42;2;M;ROUSSEL;Fabien;1201;1,36;1,91;3;M;MACRON;Emmanuel;16233;18,35;25,83;4;M;LASSALLE;Jean;954;1,08;1,52;5;F;LE PEN;Marine;7381;8,34;11,75;6;M;ZEMMOUR;Éric;4381;4,95;6,97;7;M;MÉLENCHON;Jean-Luc;23803;26,90;37,88;8;F;HIDALGO;Anne;1355;1,53;2,16;9;M;JADOT;Yannick;3975;4,49;6,33;10;F;PÉCRESSE;Valérie;2001;2,26;3,18;11;M;POUTOU;Philippe;458;0,52;0,73;12;M;DUPONT-AIGNAN;Nicolas;829;0,94;1,32
70;Haute-Saône;248;Frahier-et-Chatebier;Complet;1158;242;20,90;916;79,10;6;0,52;0,66;29;2,50;3,17;881;76,08;96,18;1;F;ARTHAUD;Nathalie;6;0,52;0,68;2;M;ROUSSEL;Fabien;18;1,55;2,04;3;M;MACRON;Emmanuel;188;16,23;21,34;4;M;LASSALLE;Jean;31;2,68;3,52;5;F;LE PEN;Marine;319;27,55;36,21;6;M;ZEMMOUR;Éric;83;7,17;9,42;7;M;MÉLENCHON;Jean-Luc;110;9,50;12,49;8;F;HIDALGO;Anne;16;1,38;1,82;9;M;JADOT;Yannick;43;3,71;4,88;10;F;PÉCRESSE;Valérie;39;3,37;4,43;11;M;POUTOU;Philippe;4;0,35;0,45;12;M;DUPONT-AIGNAN;Nicolas;24;2,07;2,72
70;Haute-Saône;292;Jussey;Complet;1118;326;29,16;792;70,84;12;1,07;1,52;25;2,24;3,16;755;67,53;95,33;1;F;ARTHAUD;Nathalie;12;1,07;1,59;2;M;ROUSSEL;Fabien;15;1,34;1,99;3;M;MACRON;Emmanuel;171;15,30;22,65;4;M;LASSALLE;Jean;26;2,33;3,44;5;F;LE PEN;Marine;268;23,97;35,50;6;M;ZEMMOUR;Éric;56;5,01;7,42;7;M;MÉLENCHON;Jean-Luc;100;8,94;13,25;8;F;HIDALGO;Anne;13;1,16;1,72;9;M;JADOT;Yannick;19;1,70;2,52;10;F;PÉCRESSE;Valérie;51;4,56;6,75;11;M;POUTOU;Philippe;6;0,54;0,79;12;M;DUPONT-AIGNAN;Nicolas;18;1,61;2,38
71;Saône-et-Loire;215;Gergy;Complet;2052;412;20,08;1640;79,92;46;2,24;2,80;9;0,44;0,55;1585;77,24;96,65;1;F;ARTHAUD;Nathalie;13;0,63;0,82;2;M;ROUSSEL;Fabien;44;2,14;2,78;3;M;MACRON;Emmanuel;425;20,71;26,81;4;M;LASSALLE;Jean;42;2,05;2,65;5;F;LE PEN;Marine;480;23,39;30,28;6;M;ZEMMOUR;Éric;91;4,43;5,74;7;M;MÉLENCHON;Jean-Luc;276;13,45;17,41;8;F;HIDALGO;Anne;37;1,80;2,33;9;M;JADOT;Yannick;54;2,63;3,41;10;F;PÉCRESSE;Valérie;67;3,27;4,23;11;M;POUTOU;Philippe;18;0,88;1,14;12;M;DUPONT-AIGNAN;Nicolas;38;1,85;2,40
71;Saône-et-Loire;279;Le Rousset - Marizy;Complet;500;130;26,00;370;74,00;10;2,00;2,70;2;0,40;0,54;358;71,60;96,76;1;F;ARTHAUD;Nathalie;1;0,20;0,28;2;M;ROUSSEL;Fabien;11;2,20;3,07;3;M;MACRON;Emmanuel;96;19,20;26,82;4;M;LASSALLE;Jean;22;4,40;6,15;5;F;LE PEN;Marine;96;19,20;26,82;6;M;ZEMMOUR;Éric;23;4,60;6,42;7;M;MÉLENCHON;Jean-Luc;48;9,60;13,41;8;F;HIDALGO;Anne;5;1,00;1,40;9;M;JADOT;Yannick;12;2,40;3,35;10;F;PÉCRESSE;Valérie;33;6,60;9,22;11;M;POUTOU;Philippe;3;0,60;0,84;12;M;DUPONT-AIGNAN;Nicolas;8;1,60;2,23
71;Saône-et-Loire;372;Romanèche-Thorins;Complet;1450;343;23,66;1107;76,34;12;0,83;1,08;1;0,07;0,09;1094;75,45;98,83;1;F;ARTHAUD;Nathalie;4;0,28;0,37;2;M;ROUSSEL;Fabien;22;1,52;2,01;3;M;MACRON;Emmanuel;312;21,52;28,52;4;M;LASSALLE;Jean;30;2,07;2,74;5;F;LE PEN;Marine;342;23,59;31,26;6;M;ZEMMOUR;Éric;107;7,38;9,78;7;M;MÉLENCHON;Jean-Luc;146;10,07;13,35;8;F;HIDALGO;Anne;17;1,17;1,55;9;M;JADOT;Yannick;37;2,55;3,38;10;F;PÉCRESSE;Valérie;41;2,83;3,75;11;M;POUTOU;Philippe;5;0,34;0,46;12;M;DUPONT-AIGNAN;Nicolas;31;2,14;2,83
71;Saône-et-Loire;376;Roussillon-en-Morvan;Complet;246;62;25,20;184;74,80;2;0,81;1,09;0;0,00;0,00;182;73,98;98,91;1;F;ARTHAUD;Nathalie;5;2,03;2,75;2;M;ROUSSEL;Fabien;5;2,03;2,75;3;M;MACRON;Emmanuel;30;12,20;16,48;4;M;LASSALLE;Jean;9;3,66;4,95;5;F;LE PEN;Marine;46;18,70;25,27;6;M;ZEMMOUR;Éric;20;8,13;10,99;7;M;MÉLENCHON;Jean-Luc;50;20,33;27,47;8;F;HIDALGO;Anne;2;0,81;1,10;9;M;JADOT;Yannick;4;1,63;2,20;10;F;PÉCRESSE;Valérie;7;2,85;3,85;11;M;POUTOU;Philippe;0;0,00;0,00;12;M;DUPONT-AIGNAN;Nicolas;4;1,63;2,20
72;Sarthe;181;Le Mans;Complet;90430;27023;29,88;63407;70,12;1880;2,08;2,96;0;0,00;0,00;61527;68,04;97,04;1;F;ARTHAUD;Nathalie;365;0,40;0,59;2;M;ROUSSEL;Fabien;1529;1,69;2,49;3;M;MACRON;Emmanuel;18596;20,56;30,22;4;M;LASSALLE;Jean;1092;1,21;1,77;5;F;LE PEN;Marine;10306;11,40;16,75;6;M;ZEMMOUR;Éric;3608;3,99;5,86;7;M;MÉLENCHON;Jean-Luc;16327;18,05;26,54;8;F;HIDALGO;Anne;1416;1,57;2,30;9;M;JADOT;Yannick;3961;4,38;6,44;10;F;PÉCRESSE;Valérie;2975;3,29;4,84;11;M;POUTOU;Philippe;468;0,52;0,76;12;M;DUPONT-AIGNAN;Nicolas;884;0,98;1,44
73;Savoie;206;Pralognan-la-Vanoise;Complet;625;147;23,52;478;76,48;4;0,64;0,84;3;0,48;0,63;471;75,36;98,54;1;F;ARTHAUD;Nathalie;2;0,32;0,42;2;M;ROUSSEL;Fabien;11;1,76;2,34;3;M;MACRON;Emmanuel;148;23,68;31,42;4;M;LASSALLE;Jean;22;3,52;4,67;5;F;LE PEN;Marine;77;12,32;16,35;6;M;ZEMMOUR;Éric;28;4,48;5,94;7;M;MÉLENCHON;Jean-Luc;87;13,92;18,47;8;F;HIDALGO;Anne;6;0,96;1,27;9;M;JADOT;Yannick;23;3,68;4,88;10;F;PÉCRESSE;Valérie;48;7,68;10,19;11;M;POUTOU;Philippe;4;0,64;0,85;12;M;DUPONT-AIGNAN;Nicolas;15;2,40;3,18
73;Savoie;215;Valgelon-La Rochette;Complet;2897;756;26,10;2141;73,90;34;1,17;1,59;7;0,24;0,33;2100;72,49;98,09;1;F;ARTHAUD;Nathalie;8;0,28;0,38;2;M;ROUSSEL;Fabien;48;1,66;2,29;3;M;MACRON;Emmanuel;533;18,40;25,38;4;M;LASSALLE;Jean;62;2,14;2,95;5;F;LE PEN;Marine;646;22,30;30,76;6;M;ZEMMOUR;Éric;125;4,31;5,95;7;M;MÉLENCHON;Jean-Luc;379;13,08;18,05;8;F;HIDALGO;Anne;31;1,07;1,48;9;M;JADOT;Yannick;92;3,18;4,38;10;F;PÉCRESSE;Valérie;98;3,38;4,67;11;M;POUTOU;Philippe;19;0,66;0,90;12;M;DUPONT-AIGNAN;Nicolas;59;2,04;2,81
74;Haute-Savoie;010;Annecy;Complet;84914;20073;23,64;64841;76,36;922;1,09;1,42;309;0,36;0,48;63610;74,91;98,10;1;F;ARTHAUD;Nathalie;237;0,28;0,37;2;M;ROUSSEL;Fabien;975;1,15;1,53;3;M;MACRON;Emmanuel;21231;25,00;33,38;4;M;LASSALLE;Jean;1371;1,61;2,16;5;F;LE PEN;Marine;9554;11,25;15,02;6;M;ZEMMOUR;Éric;4780;5,63;7,51;7;M;MÉLENCHON;Jean-Luc;13501;15,90;21,22;8;F;HIDALGO;Anne;1199;1,41;1,88;9;M;JADOT;Yannick;5387;6,34;8,47;10;F;PÉCRESSE;Valérie;3488;4,11;5,48;11;M;POUTOU;Philippe;402;0,47;0,63;12;M;DUPONT-AIGNAN;Nicolas;1485;1,75;2,33
74;Haute-Savoie;056;Chamonix-Mont-Blanc;Complet;7088;1823;25,72;5265;74,28;87;1,23;1,65;35;0,49;0,66;5143;72,56;97,68;1;F;ARTHAUD;Nathalie;25;0,35;0,49;2;M;ROUSSEL;Fabien;51;0,72;0,99;3;M;MACRON;Emmanuel;1870;26,38;36,36;4;M;LASSALLE;Jean;138;1,95;2,68;5;F;LE PEN;Marine;672;9,48;13,07;6;M;ZEMMOUR;Éric;392;5,53;7,62;7;M;MÉLENCHON;Jean-Luc;1033;14,57;20,09;8;F;HIDALGO;Anne;48;0,68;0,93;9;M;JADOT;Yannick;494;6,97;9,61;10;F;PÉCRESSE;Valérie;288;4,06;5,60;11;M;POUTOU;Philippe;38;0,54;0,74;12;M;DUPONT-AIGNAN;Nicolas;94;1,33;1,83
74;Haute-Savoie;237;Saint-Gingolph;Complet;591;192;32,49;399;67,51;4;0,68;1,00;4;0,68;1,00;391;66,16;97,99;1;F;ARTHAUD;Nathalie;1;0,17;0,26;2;M;ROUSSEL;Fabien;6;1,02;1,53;3;M;MACRON;Emmanuel;150;25,38;38,36;4;M;LASSALLE;Jean;8;1,35;2,05;5;F;LE PEN;Marine;70;11,84;17,90;6;M;ZEMMOUR;Éric;28;4,74;7,16;7;M;MÉLENCHON;Jean-Luc;69;11,68;17,65;8;F;HIDALGO;Anne;7;1,18;1,79;9;M;JADOT;Yannick;13;2,20;3,32;10;F;PÉCRESSE;Valérie;18;3,05;4,60;11;M;POUTOU;Philippe;2;0,34;0,51;12;M;DUPONT-AIGNAN;Nicolas;19;3,21;4,86
75;Paris;056;Paris;Complet;1368025;296668;21,69;1071357;78,31;11028;0,81;1,03;5267;0,39;0,49;1055062;77,12;98,48;1;F;ARTHAUD;Nathalie;2891;0,21;0,27;2;M;ROUSSEL;Fabien;17267;1,26;1,64;3;M;MACRON;Emmanuel;372820;27,25;35,34;4;M;LASSALLE;Jean;12139;0,89;1,15;5;F;LE PEN;Marine;58429;4,27;5,54;6;M;ZEMMOUR;Éric;86088;6,29;8,16;7;M;MÉLENCHON;Jean-Luc;317372;23,20;30,08;8;F;HIDALGO;Anne;22901;1,67;2,17;9;M;JADOT;Yannick;80268;5,87;7,61;10;F;PÉCRESSE;Valérie;69564;5,08;6,59;11;M;POUTOU;Philippe;5732;0,42;0,54;12;M;DUPONT-AIGNAN;Nicolas;9591;0,70;0,91
76;Seine-Maritime;252;Etalondes;Complet;839;145;17,28;694;82,72;11;1,31;1,59;2;0,24;0,29;681;81,17;98,13;1;F;ARTHAUD;Nathalie;5;0,60;0,73;2;M;ROUSSEL;Fabien;28;3,34;4,11;3;M;MACRON;Emmanuel;199;23,72;29,22;4;M;LASSALLE;Jean;14;1,67;2,06;5;F;LE PEN;Marine;236;28,13;34,65;6;M;ZEMMOUR;Éric;40;4,77;5,87;7;M;MÉLENCHON;Jean-Luc;90;10,73;13,22;8;F;HIDALGO;Anne;5;0,60;0,73;9;M;JADOT;Yannick;21;2,50;3,08;10;F;PÉCRESSE;Valérie;22;2,62;3,23;11;M;POUTOU;Philippe;7;0,83;1,03;12;M;DUPONT-AIGNAN;Nicolas;14;1,67;2,06
76;Seine-Maritime;351;Le Havre;Complet;104058;33063;31,77;70995;68,23;1719;1,65;2,42;0;0,00;0,00;69276;66,57;97,58;1;F;ARTHAUD;Nathalie;402;0,39;0,58;2;M;ROUSSEL;Fabien;2625;2,52;3,79;3;M;MACRON;Emmanuel;19073;18,33;27,53;4;M;LASSALLE;Jean;1201;1,15;1,73;5;F;LE PEN;Marine;14318;13,76;20,67;6;M;ZEMMOUR;Éric;3337;3,21;4,82;7;M;MÉLENCHON;Jean-Luc;20900;20,08;30,17;8;F;HIDALGO;Anne;1026;0,99;1,48;9;M;JADOT;Yannick;2856;2,74;4,12;10;F;PÉCRESSE;Valérie;1962;1,89;2,83;11;M;POUTOU;Philippe;577;0,55;0,83;12;M;DUPONT-AIGNAN;Nicolas;999;0,96;1,44
76;Seine-Maritime;540;Rouen;Complet;59588;15873;26,64;43715;73,36;573;0,96;1,31;185;0,31;0,42;42957;72,09;98,27;1;F;ARTHAUD;Nathalie;177;0,30;0,41;2;M;ROUSSEL;Fabien;968;1,62;2,25;3;M;MACRON;Emmanuel;12932;21,70;30,10;4;M;LASSALLE;Jean;602;1,01;1,40;5;F;LE PEN;Marine;5131;8,61;11,94;6;M;ZEMMOUR;Éric;2426;4,07;5,65;7;M;MÉLENCHON;Jean-Luc;14177;23,79;33,00;8;F;HIDALGO;Anne;998;1,67;2,32;9;M;JADOT;Yannick;3011;5,05;7,01;10;F;PÉCRESSE;Valérie;1694;2,84;3,94;11;M;POUTOU;Philippe;322;0,54;0,75;12;M;DUPONT-AIGNAN;Nicolas;519;0,87;1,21
76;Seine-Maritime;651;Saint-Sylvain;Complet;142;18;12,68;124;87,32;3;2,11;2,42;0;0,00;0,00;121;85,21;97,58;1;F;ARTHAUD;Nathalie;1;0,70;0,83;2;M;ROUSSEL;Fabien;2;1,41;1,65;3;M;MACRON;Emmanuel;48;33,80;39,67;4;M;LASSALLE;Jean;1;0,70;0,83;5;F;LE PEN;Marine;34;23,94;28,10;6;M;ZEMMOUR;Éric;9;6,34;7,44;7;M;MÉLENCHON;Jean-Luc;13;9,15;10,74;8;F;HIDALGO;Anne;3;2,11;2,48;9;M;JADOT;Yannick;2;1,41;1,65;10;F;PÉCRESSE;Valérie;1;0,70;0,83;11;M;POUTOU;Philippe;0;0,00;0,00;12;M;DUPONT-AIGNAN;Nicolas;7;4,93;5,79
77;Seine-et-Marne;257;Lizy-sur-Ourcq;Complet;1886;530;28,10;1356;71,90;24;1,27;1,77;4;0,21;0,29;1328;70,41;97,94;1;F;ARTHAUD;Nathalie;15;0,80;1,13;2;M;ROUSSEL;Fabien;24;1,27;1,81;3;M;MACRON;Emmanuel;232;12,30;17,47;4;M;LASSALLE;Jean;19;1,01;1,43;5;F;LE PEN;Marine;516;27,36;38,86;6;M;ZEMMOUR;Éric;82;4,35;6,17;7;M;MÉLENCHON;Jean-Luc;299;15,85;22,52;8;F;HIDALGO;Anne;14;0,74;1,05;9;M;JADOT;Yannick;32;1,70;2,41;10;F;PÉCRESSE;Valérie;55;2,92;4,14;11;M;POUTOU;Philippe;13;0,69;0,98;12;M;DUPONT-AIGNAN;Nicolas;27;1,43;2,03
77;Seine-et-Marne;504;Villemaréchal;Complet;811;153;18,87;658;81,13;9;1,11;1,37;4;0,49;0,61;645;79,53;98,02;1;F;ARTHAUD;Nathalie;5;0,62;0,78;2;M;ROUSSEL;Fabien;16;1,97;2,48;3;M;MACRON;Emmanuel;132;16,28;20,47;4;M;LASSALLE;Jean;25;3,08;3,88;5;F;LE PEN;Marine;210;25,89;32,56;6;M;ZEMMOUR;Éric;60;7,40;9,30;7;M;MÉLENCHON;Jean-Luc;103;12,70;15,97;8;F;HIDALGO;Anne;5;0,62;0,78;9;M;JADOT;Yannick;31;3,82;4,81;10;F;PÉCRESSE;Valérie;39;4,81;6,05;11;M;POUTOU;Philippe;4;0,49;0,62;12;M;DUPONT-AIGNAN;Nicolas;15;1,85;2,33
78;Yvelines;557;Saint-Hilarion;Complet;742;115;15,50;627;84,50;6;0,81;0,96;5;0,67;0,80;616;83,02;98,25;1;F;ARTHAUD;Nathalie;2;0,27;0,32;2;M;ROUSSEL;Fabien;10;1,35;1,62;3;M;MACRON;Emmanuel;183;24,66;29,71;4;M;LASSALLE;Jean;12;1,62;1,95;5;F;LE PEN;Marine;115;15,50;18,67;6;M;ZEMMOUR;Éric;55;7,41;8,93;7;M;MÉLENCHON;Jean-Luc;110;14,82;17,86;8;F;HIDALGO;Anne;10;1,35;1,62;9;M;JADOT;Yannick;39;5,26;6,33;10;F;PÉCRESSE;Valérie;57;7,68;9,25;11;M;POUTOU;Philippe;6;0,81;0,97;12;M;DUPONT-AIGNAN;Nicolas;17;2,29;2,76
79;Deux-Sèvres;116;Faye-l'Abbesse;Complet;713;148;20,76;565;79,24;15;2,10;2,65;4;0,56;0,71;546;76,58;96,64;1;F;ARTHAUD;Nathalie;7;0,98;1,28;2;M;ROUSSEL;Fabien;5;0,70;0,92;3;M;MACRON;Emmanuel;177;24,82;32,42;4;M;LASSALLE;Jean;26;3,65;4,76;5;F;LE PEN;Marine;156;21,88;28,57;6;M;ZEMMOUR;Éric;18;2,52;3,30;7;M;MÉLENCHON;Jean-Luc;90;12,62;16,48;8;F;HIDALGO;Anne;5;0,70;0,92;9;M;JADOT;Yannick;26;3,65;4,76;10;F;PÉCRESSE;Valérie;29;4,07;5,31;11;M;POUTOU;Philippe;3;0,42;0,55;12;M;DUPONT-AIGNAN;Nicolas;4;0,56;0,73
79;Deux-Sèvres;127;La Foye-Monjault;Complet;591;92;15,57;499;84,43;6;1,02;1,20;1;0,17;0,20;492;83,25;98,60;1;F;ARTHAUD;Nathalie;7;1,18;1,42;2;M;ROUSSEL;Fabien;7;1,18;1,42;3;M;MACRON;Emmanuel;156;26,40;31,71;4;M;LASSALLE;Jean;17;2,88;3,46;5;F;LE PEN;Marine;125;21,15;25,41;6;M;ZEMMOUR;Éric;26;4,40;5,28;7;M;MÉLENCHON;Jean-Luc;88;14,89;17,89;8;F;HIDALGO;Anne;9;1,52;1,83;9;M;JADOT;Yannick;24;4,06;4,88;10;F;PÉCRESSE;Valérie;22;3,72;4,47;11;M;POUTOU;Philippe;7;1,18;1,42;12;M;DUPONT-AIGNAN;Nicolas;4;0,68;0,81
80;Somme;021;Amiens;Complet;74433;23092;31,02;51341;68,98;620;0,83;1,21;408;0,55;0,79;50313;67,60;98,00;1;F;ARTHAUD;Nathalie;309;0,42;0,61;2;M;ROUSSEL;Fabien;1250;1,68;2,48;3;M;MACRON;Emmanuel;15121;20,31;30,05;4;M;LASSALLE;Jean;731;0,98;1,45;5;F;LE PEN;Marine;8996;12,09;17,88;6;M;ZEMMOUR;Éric;2568;3,45;5,10;7;M;MÉLENCHON;Jean-Luc;15735;21,14;31,27;8;F;HIDALGO;Anne;669;0,90;1,33;9;M;JADOT;Yannick;2292;3,08;4,56;10;F;PÉCRESSE;Valérie;1634;2,20;3,25;11;M;POUTOU;Philippe;343;0,46;0,68;12;M;DUPONT-AIGNAN;Nicolas;665;0,89;1,32
81;Tarn;014;Anglès;Complet;500;96;19,20;404;80,80;6;1,20;1,49;0;0,00;0,00;398;79,60;98,51;1;F;ARTHAUD;Nathalie;2;0,40;0,50;2;M;ROUSSEL;Fabien;5;1,00;1,26;3;M;MACRON;Emmanuel;100;20,00;25,13;4;M;LASSALLE;Jean;45;9,00;11,31;5;F;LE PEN;Marine;95;19,00;23,87;6;M;ZEMMOUR;Éric;38;7,60;9,55;7;M;MÉLENCHON;Jean-Luc;58;11,60;14,57;8;F;HIDALGO;Anne;11;2,20;2,76;9;M;JADOT;Yannick;5;1,00;1,26;10;F;PÉCRESSE;Valérie;15;3,00;3,77;11;M;POUTOU;Philippe;2;0,40;0,50;12;M;DUPONT-AIGNAN;Nicolas;22;4,40;5,53
82;Tarn-et-Garonne;124;Montbeton;Complet;3032;595;19,62;2437;80,38;49;1,62;2,01;17;0,56;0,70;2371;78,20;97,29;1;F;ARTHAUD;Nathalie;18;0,59;0,76;2;M;ROUSSEL;Fabien;57;1,88;2,40;3;M;MACRON;Emmanuel;517;17,05;21,81;4;M;LASSALLE;Jean;113;3,73;4,77;5;F;LE PEN;Marine;769;25,36;32,43;6;M;ZEMMOUR;Éric;165;5,44;6,96;7;M;MÉLENCHON;Jean-Luc;464;15,30;19,57;8;F;HIDALGO;Anne;44;1,45;1,86;9;M;JADOT;Yannick;76;2,51;3,21;10;F;PÉCRESSE;Valérie;73;2,41;3,08;11;M;POUTOU;Philippe;16;0,53;0,67;12;M;DUPONT-AIGNAN;Nicolas;59;1,95;2,49
82;Tarn-et-Garonne;187;Varen;Complet;539;115;21,34;424;78,66;4;0,74;0,94;5;0,93;1,18;415;76,99;97,88;1;F;ARTHAUD;Nathalie;4;0,74;0,96;2;M;ROUSSEL;Fabien;22;4,08;5,30;3;M;MACRON;Emmanuel;75;13,91;18,07;4;M;LASSALLE;Jean;23;4,27;5,54;5;F;LE PEN;Marine;96;17,81;23,13;6;M;ZEMMOUR;Éric;21;3,90;5,06;7;M;MÉLENCHON;Jean-Luc;124;23,01;29,88;8;F;HIDALGO;Anne;11;2,04;2,65;9;M;JADOT;Yannick;13;2,41;3,13;10;F;PÉCRESSE;Valérie;16;2,97;3,86;11;M;POUTOU;Philippe;2;0,37;0,48;12;M;DUPONT-AIGNAN;Nicolas;8;1,48;1,93
83;Var;048;La Croix-Valmer;Complet;2740;705;25,73;2035;74,27;22;0,80;1,08;7;0,26;0,34;2006;73,21;98,57;1;F;ARTHAUD;Nathalie;8;0,29;0,40;2;M;ROUSSEL;Fabien;23;0,84;1,15;3;M;MACRON;Emmanuel;601;21,93;29,96;4;M;LASSALLE;Jean;70;2,55;3,49;5;F;LE PEN;Marine;465;16,97;23,18;6;M;ZEMMOUR;Éric;314;11,46;15,65;7;M;MÉLENCHON;Jean-Luc;246;8,98;12,26;8;F;HIDALGO;Anne;18;0,66;0,90;9;M;JADOT;Yannick;79;2,88;3,94;10;F;PÉCRESSE;Valérie;122;4,45;6,08;11;M;POUTOU;Philippe;6;0,22;0,30;12;M;DUPONT-AIGNAN;Nicolas;54;1,97;2,69
83;Var;082;Montferrat;Complet;481;98;20,37;383;79,63;7;1,46;1,83;2;0,42;0,52;374;77,75;97,65;1;F;ARTHAUD;Nathalie;4;0,83;1,07;2;M;ROUSSEL;Fabien;6;1,25;1,60;3;M;MACRON;Emmanuel;55;11,43;14,71;4;M;LASSALLE;Jean;17;3,53;4,55;5;F;LE PEN;Marine;150;31,19;40,11;6;M;ZEMMOUR;Éric;44;9,15;11,76;7;M;MÉLENCHON;Jean-Luc;70;14,55;18,72;8;F;HIDALGO;Anne;3;0,62;0,80;9;M;JADOT;Yannick;7;1,46;1,87;10;F;PÉCRESSE;Valérie;8;1,66;2,14;11;M;POUTOU;Philippe;2;0,42;0,53;12;M;DUPONT-AIGNAN;Nicolas;8;1,66;2,14
83;Var;113;Saint-Julien;Complet;2000;495;24,75;1505;75,25;22;1,10;1,46;4;0,20;0,27;1479;73,95;98,27;1;F;ARTHAUD;Nathalie;9;0,45;0,61;2;M;ROUSSEL;Fabien;31;1,55;2,10;3;M;MACRON;Emmanuel;253;12,65;17,11;4;M;LASSALLE;Jean;52;2,60;3,52;5;F;LE PEN;Marine;585;29,25;39,55;6;M;ZEMMOUR;Éric;172;8,60;11,63;7;M;MÉLENCHON;Jean-Luc;245;12,25;16,57;8;F;HIDALGO;Anne;13;0,65;0,88;9;M;JADOT;Yannick;43;2,15;2,91;10;F;PÉCRESSE;Valérie;37;1,85;2,50;11;M;POUTOU;Philippe;8;0,40;0,54;12;M;DUPONT-AIGNAN;Nicolas;31;1,55;2,10
83;Var;137;Toulon;Complet;104963;31087;29,62;73876;70,38;1009;0,96;1,37;319;0,30;0,43;72548;69,12;98,20;1;F;ARTHAUD;Nathalie;259;0,25;0,36;2;M;ROUSSEL;Fabien;1326;1,26;1,83;3;M;MACRON;Emmanuel;17562;16,73;24,21;4;M;LASSALLE;Jean;1915;1,82;2,64;5;F;LE PEN;Marine;18338;17,47;25,28;6;M;ZEMMOUR;Éric;9926;9,46;13,68;7;M;MÉLENCHON;Jean-Luc;14233;13,56;19,62;8;F;HIDALGO;Anne;781;0,74;1,08;9;M;JADOT;Yannick;2656;2,53;3,66;10;F;PÉCRESSE;Valérie;3452;3,29;4,76;11;M;POUTOU;Philippe;433;0,41;0,60;12;M;DUPONT-AIGNAN;Nicolas;1667;1,59;2,30
84;Vaucluse;082;Mormoiron;Complet;1369;269;19,65;1100;80,35;13;0,95;1,18;5;0,37;0,45;1082;79,04;98,36;1;F;ARTHAUD;Nathalie;5;0,37;0,46;2;M;ROUSSEL;Fabien;23;1,68;2,13;3;M;MACRON;Emmanuel;237;17,31;21,90;4;M;LASSALLE;Jean;62;4,53;5,73;5;F;LE PEN;Marine;299;21,84;27,63;6;M;ZEMMOUR;Éric;84;6,14;7,76;7;M;MÉLENCHON;Jean-Luc;227;16,58;20,98;8;F;HIDALGO;Anne;11;0,80;1,02;9;M;JADOT;Yannick;58;4,24;5,36;10;F;PÉCRESSE;Valérie;25;1,83;2,31;11;M;POUTOU;Philippe;14;1,02;1,29;12;M;DUPONT-AIGNAN;Nicolas;37;2,70;3,42
85;Vendée;083;L'Epine;Complet;1659;404;24,35;1255;75,65;23;1,39;1,83;3;0,18;0,24;1229;74,08;97,93;1;F;ARTHAUD;Nathalie;4;0,24;0,33;2;M;ROUSSEL;Fabien;14;0,84;1,14;3;M;MACRON;Emmanuel;445;26,82;36,21;4;M;LASSALLE;Jean;38;2,29;3,09;5;F;LE PEN;Marine;277;16,70;22,54;6;M;ZEMMOUR;Éric;104;6,27;8,46;7;M;MÉLENCHON;Jean-Luc;187;11,27;15,22;8;F;HIDALGO;Anne;19;1,15;1,55;9;M;JADOT;Yannick;44;2,65;3,58;10;F;PÉCRESSE;Valérie;61;3,68;4,96;11;M;POUTOU;Philippe;11;0,66;0,90;12;M;DUPONT-AIGNAN;Nicolas;25;1,51;2,03
85;Vendée;144;Mesnard-la-Barotière;Complet;1029;180;17,49;849;82,51;18;1,75;2,12;7;0,68;0,82;824;80,08;97,06;1;F;ARTHAUD;Nathalie;8;0,78;0,97;2;M;ROUSSEL;Fabien;12;1,17;1,46;3;M;MACRON;Emmanuel;341;33,14;41,38;4;M;LASSALLE;Jean;31;3,01;3,76;5;F;LE PEN;Marine;192;18,66;23,30;6;M;ZEMMOUR;Éric;31;3,01;3,76;7;M;MÉLENCHON;Jean-Luc;86;8,36;10,44;8;F;HIDALGO;Anne;17;1,65;2,06;9;M;JADOT;Yannick;37;3,60;4,49;10;F;PÉCRESSE;Valérie;46;4,47;5,58;11;M;POUTOU;Philippe;11;1,07;1,33;12;M;DUPONT-AIGNAN;Nicolas;12;1,17;1,46
85;Vendée;231;Saint-Hilaire-la-Forêt;Complet;684;167;24,42;517;75,58;6;0,88;1,16;4;0,58;0,77;507;74,12;98,07;1;F;ARTHAUD;Nathalie;6;0,88;1,18;2;M;ROUSSEL;Fabien;13;1,90;2,56;3;M;MACRON;Emmanuel;148;21,64;29,19;4;M;LASSALLE;Jean;5;0,73;0,99;5;F;LE PEN;Marine;158;23,10;31,16;6;M;ZEMMOUR;Éric;28;4,09;5,52;7;M;MÉLENCHON;Jean-Luc;57;8,33;11,24;8;F;HIDALGO;Anne;9;1,32;1,78;9;M;JADOT;Yannick;21;3,07;4,14;10;F;PÉCRESSE;Valérie;32;4,68;6,31;11;M;POUTOU;Philippe;9;1,32;1,78;12;M;DUPONT-AIGNAN;Nicolas;21;3,07;4,14
86;Vienne;213;Rouillé;Complet;1892;412;21,78;1480;78,22;30;1,59;2,03;12;0,63;0,81;1438;76,00;97,16;1;F;ARTHAUD;Nathalie;18;0,95;1,25;2;M;ROUSSEL;Fabien;37;1,96;2,57;3;M;MACRON;Emmanuel;433;22,89;30,11;4;M;LASSALLE;Jean;54;2,85;3,76;5;F;LE PEN;Marine;398;21,04;27,68;6;M;ZEMMOUR;Éric;75;3,96;5,22;7;M;MÉLENCHON;Jean-Luc;234;12,37;16,27;8;F;HIDALGO;Anne;18;0,95;1,25;9;M;JADOT;Yannick;49;2,59;3,41;10;F;PÉCRESSE;Valérie;68;3,59;4,73;11;M;POUTOU;Philippe;17;0,90;1,18;12;M;DUPONT-AIGNAN;Nicolas;37;1,96;2,57
87;Haute-Vienne;085;Limoges;Complet;75192;19027;25,30;56165;74,70;944;1,26;1,68;545;0,72;0,97;54676;72,72;97,35;1;F;ARTHAUD;Nathalie;342;0,45;0,63;2;M;ROUSSEL;Fabien;1859;2,47;3,40;3;M;MACRON;Emmanuel;15986;21,26;29,24;4;M;LASSALLE;Jean;1709;2,27;3,13;5;F;LE PEN;Marine;9404;12,51;17,20;6;M;ZEMMOUR;Éric;2990;3,98;5,47;7;M;MÉLENCHON;Jean-Luc;14196;18,88;25,96;8;F;HIDALGO;Anne;1622;2,16;2,97;9;M;JADOT;Yannick;2632;3,50;4,81;10;F;PÉCRESSE;Valérie;2711;3,61;4,96;11;M;POUTOU;Philippe;475;0,63;0,87;12;M;DUPONT-AIGNAN;Nicolas;750;1,00;1,37
87;Haute-Vienne;123;Rempnat;Complet;110;13;11,82;97;88,18;0;0,00;0,00;1;0,91;1,03;96;87,27;98,97;1;F;ARTHAUD;Nathalie;1;0,91;1,04;2;M;ROUSSEL;Fabien;5;4,55;5,21;3;M;MACRON;Emmanuel;14;12,73;14,58;4;M;LASSALLE;Jean;13;11,82;13,54;5;F;LE PEN;Marine;11;10,00;11,46;6;M;ZEMMOUR;Éric;4;3,64;4,17;7;M;MÉLENCHON;Jean-Luc;33;30,00;34,38;8;F;HIDALGO;Anne;4;3,64;4,17;9;M;JADOT;Yannick;0;0,00;0,00;10;F;PÉCRESSE;Valérie;10;9,09;10,42;11;M;POUTOU;Philippe;0;0,00;0,00;12;M;DUPONT-AIGNAN;Nicolas;1;0,91;1,04
88;Vosges;028;La Baffe;Complet;552;120;21,74;432;78,26;6;1,09;1,39;4;0,72;0,93;422;76,45;97,69;1;F;ARTHAUD;Nathalie;0;0,00;0,00;2;M;ROUSSEL;Fabien;6;1,09;1,42;3;M;MACRON;Emmanuel;125;22,64;29,62;4;M;LASSALLE;Jean;7;1,27;1,66;5;F;LE PEN;Marine;101;18,30;23,93;6;M;ZEMMOUR;Éric;43;7,79;10,19;7;M;MÉLENCHON;Jean-Luc;69;12,50;16,35;8;F;HIDALGO;Anne;6;1,09;1,42;9;M;JADOT;Yannick;33;5,98;7,82;10;F;PÉCRESSE;Valérie;15;2,72;3,55;11;M;POUTOU;Philippe;5;0,91;1,18;12;M;DUPONT-AIGNAN;Nicolas;12;2,17;2,84
89;Yonne;197;Guillon-Terre-Plaine;Complet;554;120;21,66;434;78,34;4;0,72;0,92;5;0,90;1,15;425;76,71;97,93;1;F;ARTHAUD;Nathalie;2;0,36;0,47;2;M;ROUSSEL;Fabien;5;0,90;1,18;3;M;MACRON;Emmanuel;132;23,83;31,06;4;M;LASSALLE;Jean;23;4,15;5,41;5;F;LE PEN;Marine;123;22,20;28,94;6;M;ZEMMOUR;Éric;34;6,14;8,00;7;M;MÉLENCHON;Jean-Luc;54;9,75;12,71;8;F;HIDALGO;Anne;2;0,36;0,47;9;M;JADOT;Yannick;17;3,07;4,00;10;F;PÉCRESSE;Valérie;25;4,51;5,88;11;M;POUTOU;Philippe;2;0,36;0,47;12;M;DUPONT-AIGNAN;Nicolas;6;1,08;1,41
89;Yonne;365;Saint-Privé;Complet;414;93;22,46;321;77,54;3;0,72;0,93;1;0,24;0,31;317;76,57;98,75;1;F;ARTHAUD;Nathalie;3;0,72;0,95;2;M;ROUSSEL;Fabien;8;1,93;2,52;3;M;MACRON;Emmanuel;74;17,87;23,34;4;M;LASSALLE;Jean;9;2,17;2,84;5;F;LE PEN;Marine;98;23,67;30,91;6;M;ZEMMOUR;Éric;33;7,97;10,41;7;M;MÉLENCHON;Jean-Luc;39;9,42;12,30;8;F;HIDALGO;Anne;5;1,21;1,58;9;M;JADOT;Yannick;12;2,90;3,79;10;F;PÉCRESSE;Valérie;22;5,31;6,94;11;M;POUTOU;Philippe;1;0,24;0,32;12;M;DUPONT-AIGNAN;Nicolas;13;3,14;4,10
90;Territoire de Belfort;088;Rougegoutte;Complet;817;136;16,65;681;83,35;16;1,96;2,35;11;1,35;1,62;654;80,05;96,04;1;F;ARTHAUD;Nathalie;3;0,37;0,46;2;M;ROUSSEL;Fabien;9;1,10;1,38;3;M;MACRON;Emmanuel;163;19,95;24,92;4;M;LASSALLE;Jean;21;2,57;3,21;5;F;LE PEN;Marine;196;23,99;29,97;6;M;ZEMMOUR;Éric;60;7,34;9,17;7;M;MÉLENCHON;Jean-Luc;111;13,59;16,97;8;F;HIDALGO;Anne;13;1,59;1,99;9;M;JADOT;Yannick;16;1,96;2,45;10;F;PÉCRESSE;Valérie;33;4,04;5,05;11;M;POUTOU;Philippe;5;0,61;0,76;12;M;DUPONT-AIGNAN;Nicolas;24;2,94;3,67
91;Essonne;546;Saint-Cyr-sous-Dourdan;Complet;835;148;17,72;687;82,28;15;1,80;2,18;2;0,24;0,29;670;80,24;97,53;1;F;ARTHAUD;Nathalie;1;0,12;0,15;2;M;ROUSSEL;Fabien;11;1,32;1,64;3;M;MACRON;Emmanuel;197;23,59;29,40;4;M;LASSALLE;Jean;27;3,23;4,03;5;F;LE PEN;Marine;136;16,29;20,30;6;M;ZEMMOUR;Éric;55;6,59;8,21;7;M;MÉLENCHON;Jean-Luc;111;13,29;16,57;8;F;HIDALGO;Anne;12;1,44;1,79;9;M;JADOT;Yannick;41;4,91;6,12;10;F;PÉCRESSE;Valérie;46;5,51;6,87;11;M;POUTOU;Philippe;6;0,72;0,90;12;M;DUPONT-AIGNAN;Nicolas;27;3,23;4,03
92;Hauts-de-Seine;012;Boulogne-Billancourt;Complet;72832;13702;18,81;59130;81,19;1017;1,40;1,72;0;0,00;0,00;58113;79,79;98,28;1;F;ARTHAUD;Nathalie;102;0,14;0,18;2;M;ROUSSEL;Fabien;572;0,79;0,98;3;M;MACRON;Emmanuel;26514;36,40;45,62;4;M;LASSALLE;Jean;768;1,05;1,32;5;F;LE PEN;Marine;3790;5,20;6,52;6;M;ZEMMOUR;Éric;6219;8,54;10,70;7;M;MÉLENCHON;Jean-Luc;9207;12,64;15,84;8;F;HIDALGO;Anne;654;0,90;1,13;9;M;JADOT;Yannick;3339;4,58;5,75;10;F;PÉCRESSE;Valérie;6116;8,40;10,52;11;M;POUTOU;Philippe;176;0,24;0,30;12;M;DUPONT-AIGNAN;Nicolas;656;0,90;1,13
93;Seine-Saint-Denis;048;Montreuil;Complet;60784;15686;25,81;45098;74,19;488;0,80;1,08;231;0,38;0,51;44379;73,01;98,41;1;F;ARTHAUD;Nathalie;221;0,36;0,50;2;M;ROUSSEL;Fabien;1355;2,23;3,05;3;M;MACRON;Emmanuel;8082;13,30;18,21;4;M;LASSALLE;Jean;460;0,76;1,04;5;F;LE PEN;Marine;2986;4,91;6,73;6;M;ZEMMOUR;Éric;1525;2,51;3,44;7;M;MÉLENCHON;Jean-Luc;24505;40,31;55,22;8;F;HIDALGO;Anne;659;1,08;1,48;9;M;JADOT;Yannick;2945;4,85;6,64;10;F;PÉCRESSE;Valérie;833;1,37;1,88;11;M;POUTOU;Philippe;449;0,74;1,01;12;M;DUPONT-AIGNAN;Nicolas;359;0,59;0,81
93;Seine-Saint-Denis;066;Saint-Denis;Complet;47382;16057;33,89;31325;66,11;400;0,84;1,28;199;0,42;0,64;30726;64,85;98,09;1;F;ARTHAUD;Nathalie;195;0,41;0,63;2;M;ROUSSEL;Fabien;692;1,46;2,25;3;M;MACRON;Emmanuel;4983;10,52;16,22;4;M;LASSALLE;Jean;303;0,64;0,99;5;F;LE PEN;Marine;2546;5,37;8,29;6;M;ZEMMOUR;Éric;950;2,00;3,09;7;M;MÉLENCHON;Jean-Luc;18784;39,64;61,13;8;F;HIDALGO;Anne;341;0,72;1,11;9;M;JADOT;Yannick;895;1,89;2,91;10;F;PÉCRESSE;Valérie;521;1,10;1,70;11;M;POUTOU;Philippe;230;0,49;0,75;12;M;DUPONT-AIGNAN;Nicolas;286;0,60;0,93
94;Val-de-Marne;081;Vitry-sur-Seine;Complet;45843;14159;30,89;31684;69,11;398;0,87;1,26;228;0,50;0,72;31058;67,75;98,02;1;F;ARTHAUD;Nathalie;131;0,29;0,42;2;M;ROUSSEL;Fabien;1172;2,56;3,77;3;M;MACRON;Emmanuel;7101;15,49;22,86;4;M;LASSALLE;Jean;380;0,83;1,22;5;F;LE PEN;Marine;3757;8,20;12,10;6;M;ZEMMOUR;Éric;1369;2,99;4,41;7;M;MÉLENCHON;Jean-Luc;14069;30,69;45,30;8;F;HIDALGO;Anne;399;0,87;1,28;9;M;JADOT;Yannick;1138;2,48;3,66;10;F;PÉCRESSE;Valérie;917;2,00;2,95;11;M;POUTOU;Philippe;212;0,46;0,68;12;M;DUPONT-AIGNAN;Nicolas;413;0,90;1,33
95;Val-d'Oise;018;Argenteuil;Complet;52609;15665;29,78;36944;70,22;435;0,83;1,18;193;0,37;0,52;36316;69,03;98,30;1;F;ARTHAUD;Nathalie;158;0,30;0,44;2;M;ROUSSEL;Fabien;691;1,31;1,90;3;M;MACRON;Emmanuel;7672;14,58;21,13;4;M;LASSALLE;Jean;460;0,87;1,27;5;F;LE PEN;Marine;4565;8,68;12,57;6;M;ZEMMOUR;Éric;1605;3,05;4,42;7;M;MÉLENCHON;Jean-Luc;18117;34,44;49,89;8;F;HIDALGO;Anne;351;0,67;0,97;9;M;JADOT;Yannick;928;1,76;2,56;10;F;PÉCRESSE;Valérie;1187;2,26;3,27;11;M;POUTOU;Philippe;195;0,37;0,54;12;M;DUPONT-AIGNAN;Nicolas;387;0,74;1,07
ZA;Guadeloupe;101;Les Abymes;Complet;40493;21694;53,57;18799;46,43;383;0,95;2,04;536;1,32;2,85;17880;44,16;95,11;1;F;ARTHAUD;Nathalie;151;0,37;0,84;2;M;ROUSSEL;Fabien;74;0,18;0,41;3;M;MACRON;Emmanuel;1834;4,53;10,26;4;M;LASSALLE;Jean;104;0,26;0,58;5;F;LE PEN;Marine;2924;7,22;16,35;6;M;ZEMMOUR;Éric;262;0,65;1,47;7;M;MÉLENCHON;Jean-Luc;11466;28,32;64,13;8;F;HIDALGO;Anne;226;0,56;1,26;9;M;JADOT;Yannick;149;0,37;0,83;10;F;PÉCRESSE;Valérie;387;0,96;2,16;11;M;POUTOU;Philippe;88;0,22;0,49;12;M;DUPONT-AIGNAN;Nicolas;215;0,53;1,20
ZA;Guadeloupe;130;Terre-de-Bas;Complet;1087;719;66,15;368;33,85;4;0,37;1,09;8;0,74;2,17;356;32,75;96,74;1;F;ARTHAUD;Nathalie;4;0,37;1,12;2;M;ROUSSEL;Fabien;1;0,09;0,28;3;M;MACRON;Emmanuel;82;7,54;23,03;4;M;LASSALLE;Jean;3;0,28;0,84;5;F;LE PEN;Marine;83;7,64;23,31;6;M;ZEMMOUR;Éric;5;0,46;1,40;7;M;MÉLENCHON;Jean-Luc;157;14,44;44,10;8;F;HIDALGO;Anne;6;0,55;1,69;9;M;JADOT;Yannick;3;0,28;0,84;10;F;PÉCRESSE;Valérie;10;0,92;2,81;11;M;POUTOU;Philippe;0;0,00;0,00;12;M;DUPONT-AIGNAN;Nicolas;2;0,18;0,56
ZB;Martinique;209;Fort-de-France;Complet;60281;34779;57,69;25502;42,31;840;1,39;3,29;531;0,88;2,08;24131;40,03;94,62;1;F;ARTHAUD;Nathalie;274;0,45;1,14;2;M;ROUSSEL;Fabien;152;0,25;0,63;3;M;MACRON;Emmanuel;3902;6,47;16,17;4;M;LASSALLE;Jean;209;0,35;0,87;5;F;LE PEN;Marine;2734;4,54;11,33;6;M;ZEMMOUR;Éric;619;1,03;2,57;7;M;MÉLENCHON;Jean-Luc;13229;21,95;54,82;8;F;HIDALGO;Anne;895;1,48;3,71;9;M;JADOT;Yannick;414;0,69;1,72;10;F;PÉCRESSE;Valérie;856;1,42;3,55;11;M;POUTOU;Philippe;203;0,34;0,84;12;M;DUPONT-AIGNAN;Nicolas;644;1,07;2,67
ZB;Martinique;211;Grand'Rivière;Complet;725;472;65,10;253;34,90;8;1,10;3,16;3;0,41;1,19;242;33,38;95,65;1;F;ARTHAUD;Nathalie;1;0,14;0,41;2;M;ROUSSEL;Fabien;1;0,14;0,41;3;M;MACRON;Emmanuel;45;6,21;18,60;4;M;LASSALLE;Jean;4;0,55;1,65;5;F;LE PEN;Marine;34;4,69;14,05;6;M;ZEMMOUR;Éric;6;0,83;2,48;7;M;MÉLENCHON;Jean-Luc;133;18,34;54,96;8;F;HIDALGO;Anne;7;0,97;2,89;9;M;JADOT;Yannick;1;0,14;0,41;10;F;PÉCRESSE;Valérie;10;1,38;4,13;11;M;POUTOU;Philippe;0;0,00;0,00;12;M;DUPONT-AIGNAN;Nicolas;0;0,00;0,00
ZC;Guyane;302;Cayenne;Complet;24790;15309;61,75;9481;38,25;235;0,95;2,48;174;0,70;1,84;9072;36,60;95,69;1;F;ARTHAUD;Nathalie;71;0,29;0,78;2;M;ROUSSEL;Fabien;55;0,22;0,61;3;M;MACRON;Emmanuel;1131;4,56;12,47;4;M;LASSALLE;Jean;107;0,43;1,18;5;F;LE PEN;Marine;1698;6,85;18,72;6;M;ZEMMOUR;Éric;390;1,57;4,30;7;M;MÉLENCHON;Jean-Luc;4718;19,03;52,01;8;F;HIDALGO;Anne;147;0,59;1,62;9;M;JADOT;Yannick;195;0,79;2,15;10;F;PÉCRESSE;Valérie;279;1,13;3,08;11;M;POUTOU;Philippe;120;0,48;1,32;12;M;DUPONT-AIGNAN;Nicolas;161;0,65;1,77
ZC;Guyane;314;Ouanary;Complet;56;36;64,29;20;35,71;0;0,00;0,00;0;0,00;0,00;20;35,71;100,00;1;F;ARTHAUD;Nathalie;0;0,00;0,00;2;M;ROUSSEL;Fabien;0;0,00;0,00;3;M;MACRON;Emmanuel;1;1,79;5,00;4;M;LASSALLE;Jean;0;0,00;0,00;5;F;LE PEN;Marine;8;14,29;40,00;6;M;ZEMMOUR;Éric;1;1,79;5,00;7;M;MÉLENCHON;Jean-Luc;5;8,93;25,00;8;F;HIDALGO;Anne;0;0,00;0,00;9;M;JADOT;Yannick;2;3,57;10,00;10;F;PÉCRESSE;Valérie;0;0,00;0,00;11;M;POUTOU;Philippe;3;5,36;15,00;12;M;DUPONT-AIGNAN;Nicolas;0;0,00;0,00
ZD;La Réunion;411;Saint-Denis;Complet;107461;47830;44,51;59631;55,49;1221;1,14;2,05;946;0,88;1,59;57464;53,47;96,37;1;F;ARTHAUD;Nathalie;511;0,48;0,89;2;M;ROUSSEL;Fabien;445;0,41;0,77;3;M;MACRON;Emmanuel;12128;11,29;21,11;4;M;LASSALLE;Jean;795;0,74;1,38;5;F;LE PEN;Marine;12790;11,90;22,26;6;M;ZEMMOUR;Éric;2714;2,53;4,72;7;M;MÉLENCHON;Jean-Luc;21544;20,05;37,49;8;F;HIDALGO;Anne;1284;1,19;2,23;9;M;JADOT;Yannick;1705;1,59;2,97;10;F;PÉCRESSE;Valérie;1857;1,73;3,23;11;M;POUTOU;Philippe;413;0,38;0,72;12;M;DUPONT-AIGNAN;Nicolas;1278;1,19;2,22
ZD;La Réunion;424;Cilaos;Complet;4980;2765;55,52;2215;44,48;36;0,72;1,63;37;0,74;1,67;2142;43,01;96,70;1;F;ARTHAUD;Nathalie;19;0,38;0,89;2;M;ROUSSEL;Fabien;11;0,22;0,51;3;M;MACRON;Emmanuel;308;6,18;14,38;4;M;LASSALLE;Jean;21;0,42;0,98;5;F;LE PEN;Marine;537;10,78;25,07;6;M;ZEMMOUR;Éric;52;1,04;2,43;7;M;MÉLENCHON;Jean-Luc;1061;21,31;49,53;8;F;HIDALGO;Anne;19;0,38;0,89;9;M;JADOT;Yannick;25;0,50;1,17;10;F;PÉCRESSE;Valérie;35;0,70;1,63;11;M;POUTOU;Philippe;15;0,30;0,70;12;M;DUPONT-AIGNAN;Nicolas;39;0,78;1,82
ZM;Mayotte;601;Acoua;Complet;3169;1791;56,52;1378;43,48;70;2,21;5,08;65;2,05;4,72;1243;39,22;90,20;1;F;ARTHAUD;Nathalie;17;0,54;1,37;2;M;ROUSSEL;Fabien;3;0,09;0,24;3;M;MACRON;Emmanuel;100;3,16;8,05;4;M;LASSALLE;Jean;11;0,35;0,88;5;F;LE PEN;Marine;661;20,86;53,18;6;M;ZEMMOUR;Éric;4;0,13;0,32;7;M;MÉLENCHON;Jean-Luc;243;7,67;19,55;8;F;HIDALGO;Anne;19;0,60;1,53;9;M;JADOT;Yannick;6;0,19;0,48;10;F;PÉCRESSE;Valérie;140;4,42;11,26;11;M;POUTOU;Philippe;19;0,60;1,53;12;M;DUPONT-AIGNAN;Nicolas;20;0,63;1,61
ZM;Mayotte;611;Mamoudzou;Complet;16515;10275;62,22;6240;37,78;159;0,96;2,55;235;1,42;3,77;5846;35,40;93,69;1;F;ARTHAUD;Nathalie;95;0,58;1,63;2;M;ROUSSEL;Fabien;32;0,19;0,55;3;M;MACRON;Emmanuel;1271;7,70;21,74;4;M;LASSALLE;Jean;61;0,37;1,04;5;F;LE PEN;Marine;1671;10,12;28,58;6;M;ZEMMOUR;Éric;117;0,71;2,00;7;M;MÉLENCHON;Jean-Luc;1879;11,38;32,14;8;F;HIDALGO;Anne;68;0,41;1,16;9;M;JADOT;Yannick;55;0,33;0,94;10;F;PÉCRESSE;Valérie;417;2,52;7,13;11;M;POUTOU;Philippe;67;0,41;1,15;12;M;DUPONT-AIGNAN;Nicolas;113;0,68;1,93
